"","pop_Total","pop_Y0-14","pop_Y15-24","pop_Y25-64","pop_Y65-74","pop_YGE75","ARPR","low_work","rooms_pp","mat_depriv","ARPR_socexcl","emp_Y15-24_ED0-2","emp_Y25-64_ED0-2","emp_Y15-24_ED3-4","emp_Y25-64_ED3-4","emp_Y15-24_ED5-8","emp_Y25-64_ED5-8","emp_FT","emp_PT","emp_Y15-24","emp_Y25-64","emp_YGE65","emp_Y15-24_NaceA","emp_Y25-64_NaceA","emp_Y15-24_NaceB-E","emp_Y25-64_NaceB-E","emp_Y15-24_NaceF","emp_Y25-64_NaceF","emp_Y15-24_NaceG-I","emp_Y25-64_NaceG-I","emp_Y15-24_NaceJ","emp_Y25-64_NaceJ","emp_Y15-24_NaceK","emp_Y25-64_NaceK","emp_Y15-24_NaceL","emp_Y25-64_NaceL","emp_Y15-24_NaceM_N","emp_Y25-64_NaceM_N","emp_Y15-24_NaceO-Q","emp_Y25-64_NaceO-Q","emp_Y15-24_NaceR-U","emp_Y25-64_NaceR-U","unemp_Y15-24","unemp_YGE25","GDP","GVAgr","disp_income","training","earn_OC1_B-F","earn_OC2_B-F","earn_OC3_B-F","earn_OC4_B-F","earn_OC5_B-F","earn_OC6_B-F","earn_OC7_B-F","earn_OC8_B-F","earn_OC9_B-F","earn_OC1_G-N","earn_OC2_G-N","earn_OC3_G-N","earn_OC4_G-N","earn_OC5_G-N","earn_OC6_G-N","earn_OC7_G-N","earn_OC8_G-N","earn_OC9_G-N","earn_OC1_P-S","earn_OC2_P-S","earn_OC3_P-S","earn_OC4_P-S","earn_OC5_P-S","earn_OC6_P-S","earn_OC7_P-S","earn_OC8_P-S","earn_OC9_P-S","expend_ED5-8"
"pop_Total",NA,NA,NA,NA,NA,NA,NA,NA,NA,NA,NA,NA,NA,NA,NA,NA,NA,NA,NA,NA,NA,NA,NA,NA,NA,NA,NA,NA,NA,NA,NA,NA,NA,NA,NA,NA,NA,NA,NA,NA,NA,NA,NA,NA,NA,NA,NA,NA,NA,NA,NA,NA,NA,NA,NA,NA,NA,NA,NA,NA,NA,NA,NA,NA,NA,NA,NA,NA,NA,NA,NA,NA,NA,NA,NA,NA
"pop_Y0-14",-2640632.70616782,NA,NA,NA,NA,NA,NA,NA,NA,NA,NA,NA,NA,NA,NA,NA,NA,NA,NA,NA,NA,NA,NA,NA,NA,NA,NA,NA,NA,NA,NA,NA,NA,NA,NA,NA,NA,NA,NA,NA,NA,NA,NA,NA,NA,NA,NA,NA,NA,NA,NA,NA,NA,NA,NA,NA,NA,NA,NA,NA,NA,NA,NA,NA,NA,NA,NA,NA,NA,NA,NA,NA,NA,NA,NA,NA
"pop_Y15-24",-1111107.06305794,0.369568650846384,NA,NA,NA,NA,NA,NA,NA,NA,NA,NA,NA,NA,NA,NA,NA,NA,NA,NA,NA,NA,NA,NA,NA,NA,NA,NA,NA,NA,NA,NA,NA,NA,NA,NA,NA,NA,NA,NA,NA,NA,NA,NA,NA,NA,NA,NA,NA,NA,NA,NA,NA,NA,NA,NA,NA,NA,NA,NA,NA,NA,NA,NA,NA,NA,NA,NA,NA,NA,NA,NA,NA,NA,NA,NA
"pop_Y25-64",6308581.58839759,-0.741247537121506,-0.0275389764129818,NA,NA,NA,NA,NA,NA,NA,NA,NA,NA,NA,NA,NA,NA,NA,NA,NA,NA,NA,NA,NA,NA,NA,NA,NA,NA,NA,NA,NA,NA,NA,NA,NA,NA,NA,NA,NA,NA,NA,NA,NA,NA,NA,NA,NA,NA,NA,NA,NA,NA,NA,NA,NA,NA,NA,NA,NA,NA,NA,NA,NA,NA,NA,NA,NA,NA,NA,NA,NA,NA,NA,NA,NA
"pop_Y65-74",-1626644.72209935,-0.592570734631454,-0.403004348817702,-0.297685888189449,NA,NA,NA,NA,NA,NA,NA,NA,NA,NA,NA,NA,NA,NA,NA,NA,NA,NA,NA,NA,NA,NA,NA,NA,NA,NA,NA,NA,NA,NA,NA,NA,NA,NA,NA,NA,NA,NA,NA,NA,NA,NA,NA,NA,NA,NA,NA,NA,NA,NA,NA,NA,NA,NA,NA,NA,NA,NA,NA,NA,NA,NA,NA,NA,NA,NA,NA,NA,NA,NA,NA,NA
"pop_YGE75",-930197.097072464,-0.524274844056857,-0.774896317433506,-0.496973832641441,0.493167470498489,NA,NA,NA,NA,NA,NA,NA,NA,NA,NA,NA,NA,NA,NA,NA,NA,NA,NA,NA,NA,NA,NA,NA,NA,NA,NA,NA,NA,NA,NA,NA,NA,NA,NA,NA,NA,NA,NA,NA,NA,NA,NA,NA,NA,NA,NA,NA,NA,NA,NA,NA,NA,NA,NA,NA,NA,NA,NA,NA,NA,NA,NA,NA,NA,NA,NA,NA,NA,NA,NA,NA
"ARPR",-4046157.49398148,0.0498467683533564,-0.637476942415372,-0.0459253581836488,-0.140231279035361,0.773786811281026,NA,NA,NA,NA,NA,NA,NA,NA,NA,NA,NA,NA,NA,NA,NA,NA,NA,NA,NA,NA,NA,NA,NA,NA,NA,NA,NA,NA,NA,NA,NA,NA,NA,NA,NA,NA,NA,NA,NA,NA,NA,NA,NA,NA,NA,NA,NA,NA,NA,NA,NA,NA,NA,NA,NA,NA,NA,NA,NA,NA,NA,NA,NA,NA,NA,NA,NA,NA,NA,NA
"low_work",-4684310.80787037,0.167900892345251,-0.356968012138524,-0.307577291804235,0.205584189274471,0.291060222323036,-0.870833333333333,NA,NA,NA,NA,NA,NA,NA,NA,NA,NA,NA,NA,NA,NA,NA,NA,NA,NA,NA,NA,NA,NA,NA,NA,NA,NA,NA,NA,NA,NA,NA,NA,NA,NA,NA,NA,NA,NA,NA,NA,NA,NA,NA,NA,NA,NA,NA,NA,NA,NA,NA,NA,NA,NA,NA,NA,NA,NA,NA,NA,NA,NA,NA,NA,NA,NA,NA,NA,NA
"rooms_pp",-952628.228703703,0.0441226129423285,-0.0468309226262589,-0.0841778029792844,0.0347419342958338,0.0521441783673811,0.0932407407407408,0.283796296296296,NA,NA,NA,NA,NA,NA,NA,NA,NA,NA,NA,NA,NA,NA,NA,NA,NA,NA,NA,NA,NA,NA,NA,NA,NA,NA,NA,NA,NA,NA,NA,NA,NA,NA,NA,NA,NA,NA,NA,NA,NA,NA,NA,NA,NA,NA,NA,NA,NA,NA,NA,NA,NA,NA,NA,NA,NA,NA,NA,NA,NA,NA,NA,NA,NA,NA,NA,NA
"mat_depriv",1362491.35324074,-0.553590133658585,1.094004504363,0.349265679460574,0.199929743925078,-1.08960979409007,0.409074074074075,0.826574074074074,-0.0691203703703704,NA,NA,NA,NA,NA,NA,NA,NA,NA,NA,NA,NA,NA,NA,NA,NA,NA,NA,NA,NA,NA,NA,NA,NA,NA,NA,NA,NA,NA,NA,NA,NA,NA,NA,NA,NA,NA,NA,NA,NA,NA,NA,NA,NA,NA,NA,NA,NA,NA,NA,NA,NA,NA,NA,NA,NA,NA,NA,NA,NA,NA,NA,NA,NA,NA,NA,NA
"ARPR_socexcl",-3705382.10740741,0.069471904468789,0.261738734181374,0.188424382951509,-0.255088775513509,-0.264546246088163,4.55106481481481,0.514398148148149,0.0985648148148148,8.3962037037037,NA,NA,NA,NA,NA,NA,NA,NA,NA,NA,NA,NA,NA,NA,NA,NA,NA,NA,NA,NA,NA,NA,NA,NA,NA,NA,NA,NA,NA,NA,NA,NA,NA,NA,NA,NA,NA,NA,NA,NA,NA,NA,NA,NA,NA,NA,NA,NA,NA,NA,NA,NA,NA,NA,NA,NA,NA,NA,NA,NA,NA,NA,NA,NA,NA,NA
"emp_Y15-24_ED0-2",5626446.47993865,-2.98010134033734,-1.44581586656616,2.66606357775863,0.816797601024103,0.943056028120768,1.48296253369746,1.31079517296065,0.0424529909813303,-3.75950659113105,-0.373472520293644,NA,NA,NA,NA,NA,NA,NA,NA,NA,NA,NA,NA,NA,NA,NA,NA,NA,NA,NA,NA,NA,NA,NA,NA,NA,NA,NA,NA,NA,NA,NA,NA,NA,NA,NA,NA,NA,NA,NA,NA,NA,NA,NA,NA,NA,NA,NA,NA,NA,NA,NA,NA,NA,NA,NA,NA,NA,NA,NA,NA,NA,NA,NA,NA,NA
"emp_Y25-64_ED0-2",-6685482.84441311,-0.823127679597315,-1.53560776471185,-1.04119837913791,2.05264210401755,1.34729171942953,3.98471514861375,5.1913812509011,0.695701303801591,5.13427472943748,7.90958215825862,12.0858135207441,NA,NA,NA,NA,NA,NA,NA,NA,NA,NA,NA,NA,NA,NA,NA,NA,NA,NA,NA,NA,NA,NA,NA,NA,NA,NA,NA,NA,NA,NA,NA,NA,NA,NA,NA,NA,NA,NA,NA,NA,NA,NA,NA,NA,NA,NA,NA,NA,NA,NA,NA,NA,NA,NA,NA,NA,NA,NA,NA,NA,NA,NA,NA,NA
"emp_Y15-24_ED3-4",-1011292.82945215,-2.81533808996258,-0.605074713052105,1.05086401898623,1.90498480822578,0.464563975802676,0.0795349059906647,-4.23640061185469,-0.303835670882027,-6.84638343339619,-5.30378262547865,6.34492986449956,-12.4449189495806,NA,NA,NA,NA,NA,NA,NA,NA,NA,NA,NA,NA,NA,NA,NA,NA,NA,NA,NA,NA,NA,NA,NA,NA,NA,NA,NA,NA,NA,NA,NA,NA,NA,NA,NA,NA,NA,NA,NA,NA,NA,NA,NA,NA,NA,NA,NA,NA,NA,NA,NA,NA,NA,NA,NA,NA,NA,NA,NA,NA,NA,NA,NA
"emp_Y25-64_ED3-4",24726415.2598608,-2.55339923042524,0.6666148708312,2.12498445938341,0.020160035150754,-0.258360134940137,-5.02293123585006,-10.2252831654586,-1.04562318928024,-9.12288304178233,-12.5986253292892,0.305068800672453,-52.5195199486551,21.9805997944192,NA,NA,NA,NA,NA,NA,NA,NA,NA,NA,NA,NA,NA,NA,NA,NA,NA,NA,NA,NA,NA,NA,NA,NA,NA,NA,NA,NA,NA,NA,NA,NA,NA,NA,NA,NA,NA,NA,NA,NA,NA,NA,NA,NA,NA,NA,NA,NA,NA,NA,NA,NA,NA,NA,NA,NA,NA,NA,NA,NA,NA,NA
"emp_Y15-24_ED5-8",-9676458.05664689,1.21511705385703,0.64035345433198,-0.898413355458417,-0.348595093277266,-0.608462059453327,0.15918744050315,0.00471764501546071,0.057192761864322,-0.856856413889986,-0.00388511118018192,-1.42765075998381,-1.55907673098837,2.28975192106805,-3.36006799986615,NA,NA,NA,NA,NA,NA,NA,NA,NA,NA,NA,NA,NA,NA,NA,NA,NA,NA,NA,NA,NA,NA,NA,NA,NA,NA,NA,NA,NA,NA,NA,NA,NA,NA,NA,NA,NA,NA,NA,NA,NA,NA,NA,NA,NA,NA,NA,NA,NA,NA,NA,NA,NA,NA,NA,NA,NA,NA,NA,NA,NA
"emp_Y25-64_ED5-8",-26867735.5421097,2.96049400239341,0.459046692026958,-2.21715784974766,-1.30880350502698,0.106420660354262,2.28160373423944,3.05026322933473,0.36194779500051,-1.51643287976943,1.85864466442346,-12.4339627681554,-24.7348746005588,-1.94054576239194,0.103410816889964,6.47994497052474,NA,NA,NA,NA,NA,NA,NA,NA,NA,NA,NA,NA,NA,NA,NA,NA,NA,NA,NA,NA,NA,NA,NA,NA,NA,NA,NA,NA,NA,NA,NA,NA,NA,NA,NA,NA,NA,NA,NA,NA,NA,NA,NA,NA,NA,NA,NA,NA,NA,NA,NA,NA,NA,NA,NA,NA,NA,NA,NA,NA
"emp_FT",-18243009.003983,0.098829613274167,0.278424735862833,-1.57466825285738,1.07485263928348,0.122561264436901,1.80257544214854,-2.57551739036769,0.0251975892156388,-2.45546952964419,-0.271536696769983,-6.72343277818631,-10.1791620876365,5.40027055336793,10.2180740226178,-0.65255653347634,7.57112036537154,NA,NA,NA,NA,NA,NA,NA,NA,NA,NA,NA,NA,NA,NA,NA,NA,NA,NA,NA,NA,NA,NA,NA,NA,NA,NA,NA,NA,NA,NA,NA,NA,NA,NA,NA,NA,NA,NA,NA,NA,NA,NA,NA,NA,NA,NA,NA,NA,NA,NA,NA,NA,NA,NA,NA,NA,NA,NA,NA
"emp_PT",12316774.1487594,-0.953430474443321,-0.937033243045599,1.51681841923228,-0.4644767706609,0.838122068917536,0.659615115149301,0.649743737617822,-0.0305506750690962,-3.77812690630007,-1.50024949432964,13.7585389417059,3.9059419495449,5.02282281574089,3.25314970775989,2.9211390219621,-3.7903226099896,-14.1922404646574,NA,NA,NA,NA,NA,NA,NA,NA,NA,NA,NA,NA,NA,NA,NA,NA,NA,NA,NA,NA,NA,NA,NA,NA,NA,NA,NA,NA,NA,NA,NA,NA,NA,NA,NA,NA,NA,NA,NA,NA,NA,NA,NA,NA,NA,NA,NA,NA,NA,NA,NA,NA,NA,NA,NA,NA,NA,NA
"emp_Y15-24",-5297371.49672164,-4.51992018516198,-1.36224499471917,2.78928424567273,2.35923220648644,0.733648727721968,1.71485442059561,-2.80881234635396,-0.201124852682683,-11.4017894218507,-5.59035003890174,31.0425840582147,-1.78465681858069,34.4562077497173,18.6572056607921,6.06288979763085,-7.79107988748637,-2.07741343381873,21.9053807120185,NA,NA,NA,NA,NA,NA,NA,NA,NA,NA,NA,NA,NA,NA,NA,NA,NA,NA,NA,NA,NA,NA,NA,NA,NA,NA,NA,NA,NA,NA,NA,NA,NA,NA,NA,NA,NA,NA,NA,NA,NA,NA,NA,NA,NA,NA,NA,NA,NA,NA,NA,NA,NA,NA,NA,NA,NA
"emp_Y25-64",-9199282.6332115,-0.331815952925206,-0.319462002430845,-1.15716159721376,0.740032137931556,1.06840741463825,1.17925805338988,-1.70594426199667,0.0186487321621095,-5.38323473591229,-2.67966391082267,0.744716302174524,-11.2417691108103,7.5971950019718,16.8834045409887,1.79704446461631,7.46022165008546,7.3499144105492,3.82347062555147,10.1567006952498,NA,NA,NA,NA,NA,NA,NA,NA,NA,NA,NA,NA,NA,NA,NA,NA,NA,NA,NA,NA,NA,NA,NA,NA,NA,NA,NA,NA,NA,NA,NA,NA,NA,NA,NA,NA,NA,NA,NA,NA,NA,NA,NA,NA,NA,NA,NA,NA,NA,NA,NA,NA,NA,NA,NA,NA
"emp_YGE65",-3739368.96238771,0.0773735302301612,-0.420550960411381,-0.467745014341614,0.274598572194845,0.53632387232799,4.00282566846088,-1.39102469565282,0.101037896764198,-0.813243380963609,3.52450549309178,3.39056787510638,9.32507895232298,1.85474230046906,-4.60961618911436,1.07161151169072,-1.15830611251523,1.95979604748085,3.48759531462014,6.43190366444587,3.72796268150798,NA,NA,NA,NA,NA,NA,NA,NA,NA,NA,NA,NA,NA,NA,NA,NA,NA,NA,NA,NA,NA,NA,NA,NA,NA,NA,NA,NA,NA,NA,NA,NA,NA,NA,NA,NA,NA,NA,NA,NA,NA,NA,NA,NA,NA,NA,NA,NA,NA,NA,NA,NA,NA,NA,NA
"emp_Y15-24_NaceA",3671311.82299974,0.217400455390081,-0.0249425362443231,0.376680125972015,-0.617129113259439,0.0479910681416668,2.55967663644307,-1.65230685987531,-0.0561921619013425,0.013048618142751,2.53326518422506,2.35756088151373,1.84960988689277,-1.08800110471355,-1.13657238987637,-0.276439591621965,-1.32072682978088,-0.584741428311235,1.3899382035331,0.989865244475943,-0.610249204125893,2.67924155847454,NA,NA,NA,NA,NA,NA,NA,NA,NA,NA,NA,NA,NA,NA,NA,NA,NA,NA,NA,NA,NA,NA,NA,NA,NA,NA,NA,NA,NA,NA,NA,NA,NA,NA,NA,NA,NA,NA,NA,NA,NA,NA,NA,NA,NA,NA,NA,NA,NA,NA,NA,NA,NA,NA
"emp_Y25-64_NaceA",9566964.05933642,0.416037339280142,0.258449701072054,0.685160580944655,-1.1267521730498,-0.232895448247052,2.96567293482655,-2.63799557859644,-0.188982679577132,1.12883608095249,3.41786435673163,1.46910314480434,0.847167026897282,-3.0187352480747,0.0709588345594589,-0.710856810370759,-2.66899558895264,-0.909778359464602,0.539353310388624,-2.29239687027606,-1.81631042842136,2.58766407383429,5.17697754740417,NA,NA,NA,NA,NA,NA,NA,NA,NA,NA,NA,NA,NA,NA,NA,NA,NA,NA,NA,NA,NA,NA,NA,NA,NA,NA,NA,NA,NA,NA,NA,NA,NA,NA,NA,NA,NA,NA,NA,NA,NA,NA,NA,NA,NA,NA,NA,NA,NA,NA,NA,NA,NA
"emp_Y15-24_NaceB-E",5663460.15078594,-1.87978230334073,-0.602740619129603,0.969212517241388,1.0196612876142,0.49364911761474,-1.4932603121989,-1.22060546853863,-0.158457363532619,-3.016028105622,-3.6410779267058,4.89839051492375,-3.05403025010722,7.70874792487223,11.0110901164239,-1.52409334276623,-5.41032274132838,1.66675845938629,1.34812002733442,10.9945711594479,2.42217317986253,-0.766850985226329,-0.608617196706101,-0.804241534265291,NA,NA,NA,NA,NA,NA,NA,NA,NA,NA,NA,NA,NA,NA,NA,NA,NA,NA,NA,NA,NA,NA,NA,NA,NA,NA,NA,NA,NA,NA,NA,NA,NA,NA,NA,NA,NA,NA,NA,NA,NA,NA,NA,NA,NA,NA,NA,NA,NA,NA,NA,NA
"emp_Y25-64_NaceB-E",8547412.05776253,-1.59487330307889,-0.74758232937606,0.872065968817458,0.992957300971198,0.477432362666292,-1.17158046838231,-1.50617735726782,-0.160571363358771,-2.65280384723075,-3.21288202444495,3.11275004788842,-6.10449625978104,6.01704600403872,15.2726904369304,-3.74261226522534,-5.42406809769509,3.24804521323387,-0.218819984631226,5.26000078047678,3.55957291254658,-0.488781851547497,-0.0862601285624253,-0.386531041582215,4.49893478888274,NA,NA,NA,NA,NA,NA,NA,NA,NA,NA,NA,NA,NA,NA,NA,NA,NA,NA,NA,NA,NA,NA,NA,NA,NA,NA,NA,NA,NA,NA,NA,NA,NA,NA,NA,NA,NA,NA,NA,NA,NA,NA,NA,NA,NA,NA,NA,NA,NA,NA,NA
"emp_Y15-24_NaceF",196053.450537515,-0.306334077556999,-0.269673862340332,0.0576183549933595,0.132341520908851,0.386048063995121,0.10320774765886,-0.860637502474868,-0.104092316422498,-2.41394160615695,-1.57171424889592,0.926657945036278,-4.72308416338228,3.66833024997157,6.04147206775091,0.140554396115535,0.785831038143973,1.8730005284697,0.358093076229647,4.72083796641172,2.07112883182214,0.05838588499633,-0.0129215132629005,0.0718729001297408,1.4822825494959,1.25626149435724,NA,NA,NA,NA,NA,NA,NA,NA,NA,NA,NA,NA,NA,NA,NA,NA,NA,NA,NA,NA,NA,NA,NA,NA,NA,NA,NA,NA,NA,NA,NA,NA,NA,NA,NA,NA,NA,NA,NA,NA,NA,NA,NA,NA,NA,NA,NA,NA,NA,NA
"emp_Y25-64_NaceF",-1935020.3516022,0.137510702939397,0.0902280395115762,-0.165316119253592,0.0236269069504041,-0.0860495301477863,0.347739434383341,-0.928782778924829,-0.0525054430062935,-1.17196602666389,-0.69407467038283,-0.50388586552046,-3.74849720455344,2.23018696605401,4.95017106147186,0.300491537056035,1.17207377670218,2.37762056712373,-0.34458373701982,2.0306605173776,2.36642124911186,0.544628759097994,-0.206158181827068,-0.238388397933473,0.548824800854986,0.85235088999343,0.634280874531348,NA,NA,NA,NA,NA,NA,NA,NA,NA,NA,NA,NA,NA,NA,NA,NA,NA,NA,NA,NA,NA,NA,NA,NA,NA,NA,NA,NA,NA,NA,NA,NA,NA,NA,NA,NA,NA,NA,NA,NA,NA,NA,NA,NA,NA,NA,NA,NA,NA
"emp_Y15-24_NaceG-I",-9544560.98149509,-0.960471607665104,0.161876911043974,0.676958423234344,0.745464441375646,-0.623828167988863,0.236321505219036,1.00708510438273,0.052397835501435,-0.518556835499318,0.359575433343993,12.8460079836403,2.13774500662069,10.3200616943121,-0.917044121878741,4.30946879100323,-0.202056296529762,-2.90259421444174,8.98455841132754,27.8729835470593,1.93733881859635,2.34873633547175,-0.6158766651715,-2.70708878854255,1.6741178592499,-1.17375861407,0.634153658649504,0.348897413950998,NA,NA,NA,NA,NA,NA,NA,NA,NA,NA,NA,NA,NA,NA,NA,NA,NA,NA,NA,NA,NA,NA,NA,NA,NA,NA,NA,NA,NA,NA,NA,NA,NA,NA,NA,NA,NA,NA,NA,NA,NA,NA,NA,NA,NA,NA,NA,NA
"emp_Y25-64_NaceG-I",-10608655.7860763,-0.558762961988692,0.0836443239206597,-0.229183113832902,0.482835478943066,0.221466272957867,0.51437031258295,0.0361487986783106,0.0747110110349287,0.75379294841052,0.453766650468707,0.290719333717363,-2.62681030225609,2.34659015047743,1.28029818019237,1.77137420958744,4.67602506704786,2.94169978305201,-0.223446634295505,4.39615934598272,3.3016298061286,0.241577077676736,-1.29664140138675,-2.10111708167017,0.347951100970301,-0.8937394328706,0.316875988590182,0.593427865705237,2.61876558601075,NA,NA,NA,NA,NA,NA,NA,NA,NA,NA,NA,NA,NA,NA,NA,NA,NA,NA,NA,NA,NA,NA,NA,NA,NA,NA,NA,NA,NA,NA,NA,NA,NA,NA,NA,NA,NA,NA,NA,NA,NA,NA,NA,NA,NA,NA,NA
"emp_Y15-24_NaceJ",-1674209.71153241,-0.210263576650215,0.030188501673376,0.0584428662487888,0.19162722010856,-0.0699950113805096,0.151624354800987,-0.236562548209965,0.00987870699137723,-0.119474784456189,0.0175559001548958,1.0881810177547,0.681399666515295,1.42334488439606,-0.0864480973786122,0.352099734088816,-0.388519912652762,0.69338391374707,-0.0785541373870956,2.88431445454434,0.259311426003673,0.370193389264015,-0.129185649284243,-0.357723776736025,0.347595009410638,-0.0631473775710583,0.0708612847651998,0.0922282604987856,1.41153843899723,0.516205092494577,NA,NA,NA,NA,NA,NA,NA,NA,NA,NA,NA,NA,NA,NA,NA,NA,NA,NA,NA,NA,NA,NA,NA,NA,NA,NA,NA,NA,NA,NA,NA,NA,NA,NA,NA,NA,NA,NA,NA,NA,NA,NA,NA,NA,NA,NA
"emp_Y25-64_NaceJ",-1959905.89078941,0.0737409493153619,-0.107763153344323,-0.193468189044186,0.138674252182015,0.0888161408911325,0.253302497735301,0.0957030311415294,0.0345090915815367,-0.755833652266361,-0.15345111579754,-0.272476897409455,-0.411811768927688,1.0272180385597,0.127135911124675,0.210968370524374,1.10953169530389,1.17425111630233,-0.394233268429466,0.981093728325611,0.840589365166404,0.471578761574739,-0.190023936213106,-0.534188156655762,0.0652755949576174,0.19560454934591,0.17843923004986,0.179659602830517,0.345432571454243,0.166761430334729,0.069372007505747,NA,NA,NA,NA,NA,NA,NA,NA,NA,NA,NA,NA,NA,NA,NA,NA,NA,NA,NA,NA,NA,NA,NA,NA,NA,NA,NA,NA,NA,NA,NA,NA,NA,NA,NA,NA,NA,NA,NA,NA,NA,NA,NA,NA,NA
"emp_Y15-24_NaceK",-684075.390025792,-0.374673847313206,0.0533718207013988,0.21018309779116,0.236093041606477,-0.124974112785831,0.199544529243533,-0.333462962953953,-0.00787155817836888,0.359247902587801,0.391650120281692,1.17103733770095,1.26159186134254,1.7938993458362,-0.130248755398179,0.196020270467976,-1.02747976282656,0.619704903807998,-0.00747120368934795,3.17984522049534,0.140129647187527,0.599459557349908,0.0853522939994374,-0.0413135695877637,0.550829967205991,0.183541548479924,0.0559686893422346,0.0255552026434801,1.30974296997468,0.353642834317978,0.219356096917645,0.0619205357128973,NA,NA,NA,NA,NA,NA,NA,NA,NA,NA,NA,NA,NA,NA,NA,NA,NA,NA,NA,NA,NA,NA,NA,NA,NA,NA,NA,NA,NA,NA,NA,NA,NA,NA,NA,NA,NA,NA,NA,NA,NA,NA,NA,NA
"emp_Y25-64_NaceK",25311.578203804,0.0174195848138079,0.146261070652686,0.126281379401958,-0.0561753472014844,-0.233786687666968,-0.340453516934508,0.200596521268703,0.0151316790398237,0.682620638744571,0.356295233916002,0.250573032285993,0.657513903172455,-0.482752260923086,-1.02819057588451,0.304397384598833,0.0966687277158468,-0.580676751301693,0.510043941568262,0.104327905567418,-0.20150301888097,0.249915823735587,-0.137732469367044,-0.2723939409493,-0.321319035739236,-0.461751753410913,-0.268307663826565,-0.137411555026917,0.694639204769849,0.159611508930967,0.064552695621556,-0.0232001700676621,0.0676751239886571,NA,NA,NA,NA,NA,NA,NA,NA,NA,NA,NA,NA,NA,NA,NA,NA,NA,NA,NA,NA,NA,NA,NA,NA,NA,NA,NA,NA,NA,NA,NA,NA,NA,NA,NA,NA,NA,NA,NA,NA,NA,NA,NA
"emp_Y15-24_NaceL",-914458.521402435,0.217343938833976,0.0665352916707573,-0.237946299919444,-0.00151358202593276,-0.044419348559356,0.0873874845575277,-0.111552024374378,-0.00192740407759816,-0.0463081195388448,0.0639712338469684,-1.03669950291275,0.0431014183096958,-0.0999595018432928,-0.42128065461405,0.229380337898348,0.486529663338574,0.644824481405282,-0.758280283792917,-0.89997295283603,0.102337170797308,0.129902485609617,-0.0239417176759269,0.0068178667672427,-0.230674189981733,-0.209093921546949,0.0352754036560619,0.0550823033758602,-0.374799502123125,-0.0587823108719615,-0.0133201381320145,0.0647985222059055,-0.00249964747462672,-0.0359658699713201,NA,NA,NA,NA,NA,NA,NA,NA,NA,NA,NA,NA,NA,NA,NA,NA,NA,NA,NA,NA,NA,NA,NA,NA,NA,NA,NA,NA,NA,NA,NA,NA,NA,NA,NA,NA,NA,NA,NA,NA,NA,NA
"emp_Y25-64_NaceL",-1379733.66402152,0.179139568494919,0.00428641948043005,-0.237984599241477,0.00689940279753939,0.0476592084685883,-0.0134938699779808,-0.222872611621815,0.00146571386423492,-0.80254647130262,-0.540337537490007,-0.408443647285338,-0.970664415533655,0.595716588300933,0.691736585341604,0.467450473583658,0.830877759518719,0.619077196587871,-0.170858220830103,0.659746051933421,0.554164255958569,0.0210429262748771,-0.206529565654067,-0.310466073168047,-0.00672708495306999,-0.215291915281072,0.197352665026914,0.187088466328176,0.250819838100576,0.246428023233881,0.0706597747575526,0.0777155944173109,-0.0188025224786205,-0.0318498297754907,0.047989716428292,NA,NA,NA,NA,NA,NA,NA,NA,NA,NA,NA,NA,NA,NA,NA,NA,NA,NA,NA,NA,NA,NA,NA,NA,NA,NA,NA,NA,NA,NA,NA,NA,NA,NA,NA,NA,NA,NA,NA,NA,NA
"emp_Y15-24_NaceM_N",-1090298.13819504,-0.376083887166356,-0.137711017619125,0.167855568631496,0.171978407989972,0.173960928164011,0.261401592586207,-0.235925359317419,-0.00826906695138129,-0.461111037135662,-0.134322455269657,1.34264587877499,-0.381212400833091,2.63043795431561,1.14972000929484,0.834050224579536,0.4842686594433,-0.52468890951379,2.31274719459622,4.81941105617138,1.25445671309555,0.662622409661106,-0.0837899613700463,-0.438375630015772,0.593074005381965,0.0512818366163067,0.30975420990693,0.152153688811605,1.78549078210111,0.688733399314645,0.141973542294569,0.0787106323724886,0.211368256642944,0.0460178219194638,-0.0578728365208858,0.0390312518950786,NA,NA,NA,NA,NA,NA,NA,NA,NA,NA,NA,NA,NA,NA,NA,NA,NA,NA,NA,NA,NA,NA,NA,NA,NA,NA,NA,NA,NA,NA,NA,NA,NA,NA,NA,NA,NA,NA,NA,NA
"emp_Y25-64_NaceM_N",-1109650.78796523,0.0231900111485538,-0.239856534298768,-0.369580394666635,0.156559174573191,0.429687743243658,0.219039123306116,0.362083444086224,0.0578998469006747,-0.61465200931901,-0.232128481723768,-1.58135189093518,-0.834264654727115,0.913935274893773,0.25939889444616,0.766582480403217,2.59923693167586,-0.161295344345112,1.62660634029636,0.0941125977158041,1.95039136064663,0.624213420501145,-0.641572657285625,-1.17688163008666,-0.220025594656023,-0.24722135974367,0.0895631027997218,0.110042058812881,-0.205722719718475,0.517106658920512,-0.0993352900807154,0.209347210866377,-0.0744397228537343,0.0369345854926952,0.0604573514452181,0.083028605736277,0.397864241918155,NA,NA,NA,NA,NA,NA,NA,NA,NA,NA,NA,NA,NA,NA,NA,NA,NA,NA,NA,NA,NA,NA,NA,NA,NA,NA,NA,NA,NA,NA,NA,NA,NA,NA,NA,NA,NA,NA,NA
"emp_Y15-24_NaceO-Q",-2128212.52983392,-0.916799749710211,-0.469577916739688,0.219019383337801,0.659276784798321,0.508081498313776,0.343684506645251,0.087440320876338,0.0562382730916975,-3.92558061511568,-2.27994695545855,4.83913697122072,1.07331048495079,6.09766852645619,3.02224154332015,0.147581783527787,-1.74175987032589,1.09565803924171,2.38356549061763,11.1176833905036,2.44785420918755,0.586053149623626,-1.01082570919351,-2.28865186951142,2.28709802386188,1.55911158626903,0.871321735400701,0.423037957756403,3.56641151267294,0.719460741571084,0.535165146060528,0.427062525238493,0.514409898320715,-0.193660594865845,-0.067907063755565,0.218503885741797,0.653434501879954,0.371934874485486,NA,NA,NA,NA,NA,NA,NA,NA,NA,NA,NA,NA,NA,NA,NA,NA,NA,NA,NA,NA,NA,NA,NA,NA,NA,NA,NA,NA,NA,NA,NA,NA,NA,NA,NA,NA,NA,NA
"emp_Y25-64_NaceO-Q",-8041351.22647743,0.730840032737002,0.00965489995521554,-1.64867767082472,0.328475051528165,0.579707686604333,-1.09118876507473,2.53224162915591,0.158698849253469,-3.06690099894429,-2.72016295839708,-1.57222593851804,-0.137100861682103,-0.126346260822758,-1.51243574011438,1.29922624969744,3.90572469361494,0.727694773091952,0.270505677129922,-0.277669151776263,2.49183866738047,-1.2383778826325,-2.80570407613818,-4.3727356175665,-0.570502528588025,-0.839910755674883,0.312369085399212,0.185825773323537,0.855925878494603,0.476681878446706,-0.0473179136091715,0.481778508371962,-0.371548837107199,-0.169024782993102,0.300160879752548,0.399949814570821,-0.0396891199409194,1.04842216291704,1.98400837375696,NA,NA,NA,NA,NA,NA,NA,NA,NA,NA,NA,NA,NA,NA,NA,NA,NA,NA,NA,NA,NA,NA,NA,NA,NA,NA,NA,NA,NA,NA,NA,NA,NA,NA,NA,NA,NA
"emp_Y15-24_NaceR-U",-3521884.87575406,-0.0294422978829462,0.0727935759064778,-0.242204080580884,0.191077117767057,0.00777568479029423,0.260265409480575,-0.0616645611541189,0.0115849569228874,-0.496432539125392,0.0487147557973117,-0.165941745911442,-0.377336997041826,1.85180232161055,-0.0491210957312115,0.572193688383766,1.1475933258727,2.02647831260596,-1.16180202200341,2.29324557377949,0.774975088484145,0.638663747558112,-0.0995067498513392,-0.270415434546514,0.244994177064484,-0.117715622688655,0.348188428935234,0.258244829429838,0.977615929515423,0.47977152136125,0.203936442917715,0.215703224439901,0.221889567982804,-0.0151848014514512,0.0958090070356799,0.115605846212891,0.125960851933032,0.0348875591749245,0.438479268929962,0.297497549653834,NA,NA,NA,NA,NA,NA,NA,NA,NA,NA,NA,NA,NA,NA,NA,NA,NA,NA,NA,NA,NA,NA,NA,NA,NA,NA,NA,NA,NA,NA,NA,NA,NA,NA,NA,NA
"emp_Y25-64_NaceR-U",-3916380.33710856,0.160404792619011,0.183720514363963,-0.280857058074966,-0.00115427596628122,-0.0621139729417278,-0.0983796001543267,0.197609618562794,0.0694067264213313,1.03510381404952,0.874739550704296,-1.35475296203122,1.34752785835195,-1.91948625590467,-2.3051577768481,0.326479530965591,1.5910992564045,1.25744425745792,-1.23205920552538,-2.95441675426957,0.611971789353307,0.809382697096541,-0.285161143024464,-0.47123566001702,-0.834933651554525,-0.916190140807466,-0.380971158071267,0.00704151757805327,-0.530599783153525,0.815023074852072,0.0477911611401514,0.0509340645768187,0.0249290040035354,0.27295866684623,0.0321752283724773,0.0154124869536773,-0.0431551437990275,0.202096023554277,-0.602047623503802,-0.178728561983659,0.120892324539865,NA,NA,NA,NA,NA,NA,NA,NA,NA,NA,NA,NA,NA,NA,NA,NA,NA,NA,NA,NA,NA,NA,NA,NA,NA,NA,NA,NA,NA,NA,NA,NA,NA,NA,NA
"unemp_Y15-24",-7462929.44613689,1.52635255058247,0.784780458010568,-0.205691963629827,-1.02597562733287,-1.07946541763034,1.18620362548776,0.72009392778598,0.127422417252338,1.32604211300719,2.50933554455275,-6.40991383502462,5.65179254182077,-6.47884496528542,-11.4068004437673,1.9640265905195,4.58543016538454,1.25310270241533,-3.3230525298932,-10.9210071760651,-1.28839795131771,1.36738884894989,-0.0161834178791509,0.450476455822411,-3.54598167268996,-4.37735476960234,-1.04922664747843,-0.191102091946106,-3.2218605842823,0.708268236162564,-0.160042826945357,0.0301822044439941,-0.188105532792143,0.343862563509559,0.382810386046684,0.0475801822344681,-0.365934339449175,0.346782834256896,-1.86652501945708,0.184559536598745,0.1745318476204,1.39887480199297,NA,NA,NA,NA,NA,NA,NA,NA,NA,NA,NA,NA,NA,NA,NA,NA,NA,NA,NA,NA,NA,NA,NA,NA,NA,NA,NA,NA,NA,NA,NA,NA,NA,NA
"unemp_YGE25",-8449150.7163852,0.776320877757677,0.257460431858519,0.0783333849439733,-0.852302147844132,-0.259812546716038,1.10890750453497,2.28387859003732,0.188465954777266,3.32403954401086,3.30343817519217,-2.75516774337384,3.12371597950432,-8.59450996825231,-12.1054433255982,1.50441575221335,6.82598568384772,-0.750246052225925,-2.18694359631774,-9.87982475073194,-2.23291176835106,-0.96568833588541,-0.680453941739644,-0.311936578460314,-3.46630358527792,-5.1858833047536,-1.08677149666676,-0.683812055324179,-1.67930807662843,2.10800770153454,-0.129118483594358,-0.273400067308687,-0.356127934752676,0.366239473993461,0.0243970377257003,-0.0183610682074123,-0.280441886020258,0.160112688821255,-1.84760840760531,0.130566068453874,-0.197829604501849,1.43893888305342,5.01039335881093,NA,NA,NA,NA,NA,NA,NA,NA,NA,NA,NA,NA,NA,NA,NA,NA,NA,NA,NA,NA,NA,NA,NA,NA,NA,NA,NA,NA,NA,NA,NA,NA,NA
"GDP",7521313113.42593,-858.866005904478,-1315.83249677803,-30.1132222110281,191.757174326406,2013.05455056713,-886.805555555557,1274.49074074074,-54.3518518518519,-6623.65740740741,-4754.81481481481,7260.85395478165,-3757.09039701659,3390.64495342804,9162.58826092828,-247.531888496545,-650.795383583054,-4221.87032499234,9716.82352178879,10416.6767031709,4847.67479789846,-145.978578217263,-511.32397231044,-861.20852655226,2935.24521251951,2371.11928912488,1955.01629765355,312.763222853883,1624.23898224228,-493.214664556791,-455.902141890551,59.4985971916669,-516.14122248473,-439.523046975263,-283.826297087819,155.276531777892,922.345853823673,1214.17983570858,2662.76104665538,3105.26677126393,-369.579659389557,-1111.70402243016,-3935.02857550525,-2046.74166530503,NA,NA,NA,NA,NA,NA,NA,NA,NA,NA,NA,NA,NA,NA,NA,NA,NA,NA,NA,NA,NA,NA,NA,NA,NA,NA,NA,NA,NA,NA,NA,NA
"GVAgr",692853.315,0.0878731527038111,-0.0799100469775691,-0.168313650198045,-0.0865196921799102,0.246870236651713,0.141611111111111,0.6625,0.0208888888888889,-1.98472222222222,-1.02994444444445,2.14594203607743,-1.94601333674119,0.813699901464947,1.8564209171215,0.174789082985814,0.964241807044414,-0.713182604997177,1.83732307975969,3.19154944317595,1.02038518409601,-0.674055660362796,0.193453522551015,0.0231600789402965,0.446803348799137,0.567481715134067,0.381548708839564,-0.100749683680903,0.929027169488428,-0.500045725212827,-0.079478765343423,0.103886329215986,-0.102817745714727,-0.251815306490493,0.0414997314411463,0.0420716412895659,0.0453201038988528,0.143181854659323,1.26642861021885,1.86809062958986,-0.0594080425093155,-0.775734188957039,-1.37869343187978,-0.908643026276326,2549.11111111111,NA,NA,NA,NA,NA,NA,NA,NA,NA,NA,NA,NA,NA,NA,NA,NA,NA,NA,NA,NA,NA,NA,NA,NA,NA,NA,NA,NA,NA,NA,NA
"disp_income",4905507927.45098,-1116.26155651508,-609.787580263004,273.548970991293,370.792624795664,1081.70754099113,-6.86274509803934,-660.980392156863,-95.6862745098039,-1540,-1236.17647058824,2155.71493313532,1930.73926533953,2217.92581715513,2531.68041226389,-935.82832643753,-3709.48149079329,-1148.65136825948,2167.70654438904,3332.46756835879,527.949568003881,226.410786607547,334.086932805928,728.791536198459,1941.20552347598,1221.94910298337,796.158256871512,-158.666636336988,-969.240273728954,-321.471307265088,-122.126870376183,-130.453645548529,106.571436924225,-305.51649163729,-73.6220215393853,-75.5123200314465,424.25491355583,272.973671930765,858.066347815022,-214.901715810671,-73.1667397894641,-404.500642040157,-1273.11714730083,-987.105542991521,3164411.76470588,309.444444444445,NA,NA,NA,NA,NA,NA,NA,NA,NA,NA,NA,NA,NA,NA,NA,NA,NA,NA,NA,NA,NA,NA,NA,NA,NA,NA,NA,NA,NA,NA
"training",-17499916.5819444,1.72434859272653,-0.82397074654147,-2.77394521118819,0.835289510794798,1.03827785420834,0.583287037037037,0.619212962962963,0.148333333333333,-5.95347222222222,-1.69,-0.328755157933342,2.2523902122559,0.653068719770758,-4.3629712098855,2.34199389188889,5.99818639304743,8.10962031467128,-4.62444346160265,2.82631661430257,4.19273332616867,3.08318253722926,0.055070817084175,-1.07809839975399,-0.358385533211802,-0.464091214141246,1.70880931096332,0.63295847771831,1.28819192861295,0.284505035724488,0.252324596585118,1.12101799561445,0.0303775850076366,-0.291588122493676,0.811368509644629,0.731373892766792,-0.199557405873095,0.263897183776399,1.25434063440891,4.17310487625662,1.47697544383092,0.559640459274838,1.09544413091691,-0.284816739583403,1930.50925925926,1.36755555555556,-168.921568627451,NA,NA,NA,NA,NA,NA,NA,NA,NA,NA,NA,NA,NA,NA,NA,NA,NA,NA,NA,NA,NA,NA,NA,NA,NA,NA,NA,NA,NA
"earn_OC1_B-F",23108883.7402941,-2.04845703339661,-1.62092693456567,0.718837917408333,0.335589029228285,2.61495702132566,-3.00707352941177,0.908367647058822,-0.199661764705882,-3.60541176470588,-4.31444117647059,1.31642522272749,-7.79461102088938,-0.808805632796367,14.3368527037677,-7.6386518632397,-5.93848661748278,-2.09079462012982,1.09346013408215,-7.35418257766099,0.283011752791437,-2.26949584063667,-0.0341089769790898,0.108153580212345,3.33701226178626,7.19727129219311,1.37320163515008,-0.737062366850985,-7.58431233126028,-4.51385853475802,-1.34128804960704,-0.0558989323986087,-1.00227479640846,-0.457304440297993,-0.344705448562095,-0.572365174210629,-0.767843371182424,0.448818165689073,0.130092978443727,0.71653939129509,-0.892323132458723,-0.933665012227885,-6.01997226356727,-5.23818429801337,8057.88235294118,1.27692261904762,3679.95833333333,-0.635588235294118,NA,NA,NA,NA,NA,NA,NA,NA,NA,NA,NA,NA,NA,NA,NA,NA,NA,NA,NA,NA,NA,NA,NA,NA,NA,NA,NA,NA
"earn_OC2_B-F",7614805.86254902,-0.736555976590782,-1.31132912937535,0.276348765656074,0.157463935668279,1.61407240464178,-1.91473529411765,3.62521568627451,0.114254901960784,-5.74424509803922,-3.88135784313726,6.32090916676678,0.0291654334076468,-2.59624363337704,2.15218597802009,-4.00990523451664,-2.09009520384087,-1.90523205696952,2.14983999096953,-0.283293807921848,0.280362592568433,-1.73632843029192,-0.451839777194494,-1.38638644978028,1.87297605944119,3.69762549683962,0.797604488208654,-0.920255002878702,-1.78626438130685,-2.79966627112012,-0.655271322994053,0.241579888631478,-0.656745281729547,-0.293609263822246,-0.200776831702717,-0.271058624683101,-0.636783287928677,0.0351423241191497,1.99026779395821,3.5111838908915,-0.425062405698467,-0.857579572288187,-3.3597736021781,-1.98329968153173,7292.41666666667,2.86160714285714,1737.61458333333,4.14453431372549,12.8998455882353,NA,NA,NA,NA,NA,NA,NA,NA,NA,NA,NA,NA,NA,NA,NA,NA,NA,NA,NA,NA,NA,NA,NA,NA,NA,NA,NA
"earn_OC3_B-F",8095360.60083333,-0.700065565623082,-0.983069539784971,0.600427791765936,-0.0633906240420765,1.14609793768419,-0.733372549019608,1.85000980392157,0.0223480392156864,-3.79153431372549,-2.42695098039216,4.44249766336855,-2.31576350559057,-1.17915484951847,4.25952955372739,-2.60473884162576,-0.848574142286798,-1.93954600346416,3.21356933093998,0.640321867594606,1.1765931732619,-0.865108507183973,-0.215296862876868,-0.645693826606164,1.34669377367048,2.5787813770133,0.724219935279715,-0.398500245308151,-1.13902077092375,-1.49446700911367,-0.452453841560052,0.0894468754288878,-0.493611914370994,-0.153295697461085,-0.21768038265731,-0.164105270098971,-0.205277735407938,0.290789012902189,1.28830838843452,1.91613299753403,-0.459995884438141,-0.614850063603537,-2.22101804627222,-1.08070983353689,5480.35784313725,1.76816071428571,1301.73958333333,1.32416176470588,8.7353794117647,7.67536862745098,NA,NA,NA,NA,NA,NA,NA,NA,NA,NA,NA,NA,NA,NA,NA,NA,NA,NA,NA,NA,NA,NA,NA,NA,NA,NA
"earn_OC4_B-F",8253486.25985294,-0.456694135838257,-0.953924245760175,0.170880704494317,-0.0200893644886009,1.25982704159272,-1.12577941176471,1.56357352941176,-0.0173823529411764,-4.46195588235294,-3.36485294117647,3.95632476977733,-3.36708332935734,-0.661407735688347,5.62603309670427,-2.49049692541131,-1.36829746249552,-2.05478558621327,2.95519943264583,0.79066812273351,0.980289290021891,-1.52515323778784,-0.309944104600544,-0.637747023760837,1.52094734624839,2.74557451874221,0.95134220390341,-0.289080055888559,-1.26499092292644,-1.89669697483834,-0.505558327824343,0.0656442125520681,-0.611498047513316,-0.338824640562465,-0.158911575182249,-0.0533770207462196,-0.310043271866114,0.160742382297432,1.36407407973064,2.4503388956747,-0.466152400636166,-0.978528203067236,-3.01255456416844,-1.92456157257248,5995.98529411765,2.09371428571429,1431.34375,1.91363235294118,9.03546176470588,7.81908970588235,5.273575,NA,NA,NA,NA,NA,NA,NA,NA,NA,NA,NA,NA,NA,NA,NA,NA,NA,NA,NA,NA,NA,NA,NA,NA,NA
"earn_OC5_B-F",2164186.43692708,0.421712253898052,-0.209460833697645,-0.752115789928078,-0.0861489441955256,0.626013313923197,-0.975286458333334,0.651203125,0.0354895833333333,-1.34743229166667,-1.16363020833333,-2.98351986573892,-0.606867360432662,-2.23913287457099,-0.0718011265714782,-1.19831920571211,0.586983095457533,-0.207681962489641,-1.00405768685785,-6.44383640445991,-0.154233362453848,-0.305818590212772,-0.511219505573138,-0.966483745406213,-0.780647725329241,0.455707905496854,-0.0688315154415105,-0.315772878839685,-3.03959076864001,-1.54737274699358,-0.445039587263469,0.190711953299575,-0.446834218650959,-0.0304552921322669,0.129901069023765,0.00740976777359217,-0.443327347671504,0.535921692129399,-0.243107057675599,1.70393873202553,-0.15862679740801,0.133219572630607,-0.229680142612351,-0.891111476844839,1353.28125,0.388320512820512,316.722222222222,1.80244791666667,5.6084265625,3.4856625,2.03879010416667,2.244846875,NA,NA,NA,NA,NA,NA,NA,NA,NA,NA,NA,NA,NA,NA,NA,NA,NA,NA,NA,NA,NA,NA,NA,NA
"earn_OC6_B-F",-5243185.24458333,0.327781928315485,0.671501936349455,-0.794064953446368,-0.0317639801006575,-0.173454931117915,-0.954333333333334,1.74952083333333,0.0555625,-2.22745833333333,-0.479479166666668,6.52943010153132,-0.398628085095923,-2.1326273111358,0.0164968677710238,-0.793661702968188,0.404685997659243,4.31495881902011,-3.37333744779328,3.91776021352535,0.902228828930205,0.220926126325934,0.136577906585591,-0.633109279772602,-0.141760578264887,0.44745722446017,0.543325358410112,-0.459227474954099,3.85272839087316,-0.954229853507125,0.442563224477769,0.504093037950764,0.410154219572389,0.248359617731798,Inf,0.164971030065791,-1.02660806468786,-1.17195413954149,2.36662266703119,4.69730085376013,0.820621575401855,-0.0700991742439006,-1.77274692900122,-1.0226690556687,1857.60416666667,3.22871428571429,-931.208333333333,9.5586875,4.02381875,8.37684791666667,4.41114791666667,4.63594583333333,1.94225833333333,NA,NA,NA,NA,NA,NA,NA,NA,NA,NA,NA,NA,NA,NA,NA,NA,NA,NA,NA,NA,NA,NA,NA
"earn_OC7_B-F",3326793.70083333,-0.315604420536853,-0.626669839550941,-0.207388820331353,0.2284175637326,0.921245516686549,0.00828431372548947,1.16544117647059,0.0320980392156863,-3.32966666666667,-1.98920098039216,2.67949511707965,-1.69591369624217,0.166328980699565,3.30656808497575,-2.07909476434884,-0.869754113348603,0.950931462210153,-0.359773229753065,0.774129405651325,0.846574959759477,-0.96234139240179,-0.208684947143157,-0.48632517672936,1.18769735216516,2.20332301909524,0.730630079011876,-0.0524012271846552,-0.866386790609218,-1.25550438187584,-0.161837161363752,0.226675540015407,-0.268751228008836,-0.438395362136912,-0.00151060295739627,0.0307453671892153,-0.465874316605458,-0.108011698917269,1.66260814754183,2.41706415413273,-0.0188791475600438,-0.872423570188123,-2.33682558085996,-1.71460386045802,3416.30882352941,1.96085119047619,715.645833333333,2.35788725490196,5.5446955882353,5.62883529411765,3.5270431372549,3.90309558823529,1.44568802083333,5.04276666666667,NA,NA,NA,NA,NA,NA,NA,NA,NA,NA,NA,NA,NA,NA,NA,NA,NA,NA,NA,NA,NA,NA
"earn_OC8_B-F",5145361.54666667,-0.160356078166286,-0.531293417069527,-0.112745600837071,-0.0282130550791025,0.832608151151987,-0.51014705882353,0.932950980392157,-0.00598039215686267,-3.09024509803922,-2.27607843137255,1.729102099055,-3.98509115070935,-1.2185987682135,5.04813380903894,-2.23857672883384,-0.230797033490745,0.541342746939585,-0.339076549269877,-1.74799494915926,0.892631906465705,-1.52195034908827,-0.274173233038319,-0.31456615657683,0.915271462290996,2.15161503160183,0.690896343489664,-0.0474915322701812,-1.88177948037659,-1.29079514577945,-0.313400870765646,0.100966107814957,-0.471671569682251,-0.363716264742838,-0.0337946163789117,0.0322634524378292,-0.593574810243988,-0.105276520857323,1.01801981887781,2.14569007713957,-0.243471395138546,-0.705197794700713,-2.13542928111288,-1.24770069222386,3532.99019607843,1.75755952380952,620.812499999999,1.8348137254902,6.31756470588235,5.69807450980392,3.76981862745098,4.12041470588235,1.665228125,4.75236041666667,3.40320294117647,NA,NA,NA,NA,NA,NA,NA,NA,NA,NA,NA,NA,NA,NA,NA,NA,NA,NA,NA,NA,NA
"earn_OC9_B-F",3420584.67960784,0.248983070451433,-0.568601797749212,-0.563973641067481,-0.00298432110921196,0.886576689474474,-0.733200980392157,1.31200490196078,0.0136225490196079,-3.36850980392157,-2.46054901960784,0.786579818500687,-2.50611073683836,-1.57251458325846,2.68236121423401,-1.76553232967929,0.0183124468978869,0.156334588297924,-0.541063799155206,-2.54394415941801,0.285062324749253,-1.4142969689583,-0.389320764214091,-0.535527270563441,0.448632233394934,1.56915181644011,0.66477755827154,-0.107740028508781,-1.90513779215301,-1.6620464479139,-0.399215151692065,0.15749689305878,-0.574593169238327,-0.389966314630846,0.0555796536280184,0.0868156030780672,-0.636253681478234,-0.0557329193307612,0.740074442651559,2.57429864770012,-0.151023973752564,-0.716013303740613,-1.80242829686489,-1.34883307894053,3490.30392156863,1.6268630952381,547.552083333333,3.00797058823529,6.12467352941176,5.67055049019608,3.50283333333333,4.03914117647059,1.99881302083333,4.45439583333333,3.2532612745098,3.34277254901961,NA,NA,NA,NA,NA,NA,NA,NA,NA,NA,NA,NA,NA,NA,NA,NA,NA,NA,NA,NA
"earn_OC1_G-N",15613018.8523039,-2.03596026185867,-2.32094810946744,1.0862694755853,0.447028075061417,2.82361082067939,0.303137254901959,2.98726470588235,0.108112745098039,-2.93124019607843,-0.908774509803922,2.81526247916734,3.69510397180562,-6.35631214572468,0.655564916609017,-7.60154065339163,-4.09720150536212,-0.274010173143083,-0.672014490448169,-11.4022640090771,-0.121824383327178,0.330378152937997,0.401800811311001,0.505872268749268,1.62859059286625,4.76353985995654,0.39589157579995,-1.12828655527608,-8.3610466432033,-2.75601652699099,-1.00846824265652,0.0335929817956392,-0.887171319684685,-0.262215433056033,-0.370416572626861,-0.663369658823025,-1.03183627703607,0.387550472039238,-0.165917749704573,0.155377571410306,-0.770622460222209,0.166383106402077,-1.35164104275323,-0.288206654212274,5369.04411764706,0.170553571428571,2787.34375,0.297828431372551,17.6370029411765,11.6736558823529,8.20462401960784,7.37415147058823,4.03217239583333,3.07347916666667,4.84816274509804,5.39082058823529,4.94929803921569,NA,NA,NA,NA,NA,NA,NA,NA,NA,NA,NA,NA,NA,NA,NA,NA,NA,NA,NA
"earn_OC2_G-N",5984019.85848039,-0.09990941465909,-1.09575270998047,-0.256246751333417,0.0790666196422433,1.37284225633074,-1.82380882352941,2.86085784313725,0.0991568627450981,-4.5300931372549,-3.22580392156863,2.07693406289569,0.781254583500097,-3.87233244062682,0.466690733000281,-3.14992746304976,-1.03101963028566,-1.08614582622642,0.606847281678067,-4.96946467681821,0.273124113626438,-1.04055650591708,-0.714264991250036,-1.36099230339428,0.735979067564996,2.44315840639667,0.505554097296618,-0.66324886727124,-3.3921807431008,-2.45730703736713,-0.722018601275581,0.230221823327289,-0.760940231798593,-0.183264337022956,-0.0398242093846892,-0.146227172162251,-0.707411141340658,0.318455620971437,0.749819430018548,2.97926609321078,-0.372063146908358,-0.257135872471816,-1.4933000611794,-1.07353108134745,5411.9362745098,1.59430952380952,1289.45833333333,4.12517156862745,10.7712441176471,9.49665049019608,5.88077990196079,5.99986323529412,3.439828125,5.585725,4.0606455882353,4.31873431372549,4.56904215686274,10.1172838235294,NA,NA,NA,NA,NA,NA,NA,NA,NA,NA,NA,NA,NA,NA,NA,NA,NA,NA
"earn_OC3_G-N",4785884.89651961,-0.298253075224452,-0.926323537920346,-0.186673935031659,0.191497649491747,1.21975289868471,-1.1639705882353,2.37180392156863,0.0836372549019608,-2.94242156862745,-2.02213725490196,2.34472730099518,3.43872459451628,-3.74017026475986,-1.17213404561622,-2.68329032037087,-2.17389535582624,-1.19564343282292,0.932532930974644,-4.07948240310161,0.19164384549328,-0.13830904340762,-0.916714723203236,-1.59224772822132,0.345026395636298,1.5429294976371,0.238101678716748,-0.577560106604675,-2.26796624222817,-1.67799088214438,-0.453344782003083,0.156647934912828,-0.549300217098039,-0.00236858810160879,-0.0458435416391431,-0.119181974837514,-0.55945755292491,0.296395617772132,0.720988901499797,2.66452164335613,-0.314985722005551,0.0280591580217631,-0.716317816317514,-0.41181329782865,4155.75490196078,0.939613095238096,1045.34375,3.19701960784314,8.45795588235294,7.44846421568627,4.7958568627451,4.73956470588235,2.7744765625,4.93400625,3.18307058823529,3.39744215686274,3.55215784313726,8.83594411764706,6.43181078431373,NA,NA,NA,NA,NA,NA,NA,NA,NA,NA,NA,NA,NA,NA,NA,NA,NA
"earn_OC4_G-N",6279467.15769608,-0.614296276498948,-0.862716233576427,0.0197796377457338,0.227466006813985,1.22976686551566,-1.05516666666667,1.59505882352941,0.0217843137254902,-3.24239215686275,-2.4088431372549,3.64019885161532,0.965988447250233,-1.55728288390236,2.22924868730423,-2.60769977233148,-2.77033808232611,-1.25340463407228,1.66509448031912,-0.534300115927416,0.519545890590482,-0.518635034033449,-0.445199615949143,-0.879127870382975,1.19705355080232,2.20045002729694,0.557585330121734,-0.43998327614425,-1.33863458640021,-1.59009610864579,-0.340092139425681,0.0807744115563258,-0.414492539450895,-0.141347461512662,-0.118006946577344,-0.0970363232839587,-0.387471554748506,0.0940399420292502,1.13538314213173,2.14688656215044,-0.299576807923632,-0.416322921964929,-2.05748858008065,-1.39053109827116,4583.82352941176,1.34392261904762,1332.23958333333,2.2601862745098,8.24165,7.02780441176471,4.59637745098039,4.72962647058824,2.22982447916667,4.78783333333333,3.31853137254902,3.45887352941176,3.42459901960784,7.63063137254902,5.63131176470588,4.819325,NA,NA,NA,NA,NA,NA,NA,NA,NA,NA,NA,NA,NA,NA,NA,NA
"earn_OC5_G-N",2531370.29539216,-0.0772610329938645,-0.504407659276997,-0.455400308196855,0.196992638957652,0.840076361510065,-0.922132352941177,0.842946078431373,0.0232009803921569,-2.93778431372549,-2.43055392156863,0.307180282573101,0.035538734270656,-1.21082262854833,1.45143978370461,-1.79584062402735,-1.4270211406667,0.367811090306643,-1.10721833666383,-2.74530238820999,0.0165034929386317,-1.35573790672166,-0.653689036014111,-1.03181209255619,0.733836274575208,1.52795606990441,0.423301636771215,-0.296719134566254,-2.32330388318729,-1.33351980047237,-0.283371260246268,0.142910061739141,-0.352459586349645,-0.338605530023494,0.0912464908514608,0.0459905982852474,-0.499470905828174,0.057230917726626,1.03382099818817,2.39120639280932,-0.165484494287476,-0.490911474654401,-1.24937933153357,-1.11652405438317,2709.67156862745,1.38932738095238,904.239583333333,2.69355392156863,5.34190441176471,4.96175784313725,2.92423137254902,3.31455147058823,1.8976921875,3.91572708333333,2.73853970588235,2.74977843137255,2.82134656862745,4.40488529411765,4.00699068627451,3.18738284313725,3.00654852941176,NA,NA,NA,NA,NA,NA,NA,NA,NA,NA,NA,NA,NA,NA,NA
"earn_OC6_G-N",-7843735.51325,1.24256844068294,0.188708278806711,-1.7946238730383,0.320399561675567,0.0429475918730786,-1.25848333333333,0.997883333333333,0.074725,-0.940575,-0.674083333333334,-1.29246743444408,0.854770840711134,-3.19367577154746,-3.90855758705927,0.573370909306778,2.35237573880313,3.73393845260077,-5.26371829168799,-3.76991296183539,-0.346388429862329,-0.434386284994795,-0.271563645908643,-0.758469066129329,-1.14000861289409,-0.721786598392566,0.101937275521144,-0.401370144522173,0.0880837967344734,-0.688837054450496,0.0954732114124119,0.377072997495459,-0.0996291566291561,0.0329650566319302,0.365613052753814,0.29613870865542,-0.920285487167585,-0.560582600008485,-0.11754219632488,3.02506626632489,0.551563374161786,0.238044985465795,0.0955286084698185,-0.129069021509827,-669.425,1.19893518518519,-1020.38333333333,8.870475,0.625381666666667,3.354395,1.05459916666667,1.59865916666667,1.5306625,6.00243095238095,2.04203833333333,1.96485,2.49394833333333,0.198334166666668,2.9109075,2.35207333333334,1.87485666666667,2.27195,NA,NA,NA,NA,NA,NA,NA,NA,NA,NA,NA,NA,NA,NA
"earn_OC7_G-N",1263115.09303921,0.262378263236585,-0.546161383608668,-0.585864260806343,-0.00811857175985054,0.877765952938277,0.0236764705882347,1.68099019607843,0.088921568627451,-3.22893137254902,-1.73456862745098,-0.0327827749636459,-1.81865934205339,-1.00018230853728,0.524227043696097,-1.02661210600635,1.96902081141075,0.174885309030315,-0.0890172842819044,-2.05182810929226,0.716287391336672,-0.952001479144083,-0.258717146231836,-0.583652542938272,0.0725013161261942,0.936678923122061,0.448069872614586,-0.189716494004472,-1.71796111971013,-1.22036713852037,-0.367604470154546,0.256434008749004,-0.474599833450814,-0.389326083525298,0.0808946517583629,0.0651606995609803,-0.394759423723559,0.362054016813618,0.920609101375461,2.66376598759579,-0.0486056322633547,-0.66129870824675,-1.06255641946512,-0.847084077155102,3040.83333333333,1.73503571428571,433.385416666666,2.3491862745098,4.59369117647059,4.78424607843137,2.95449607843137,3.30120294117647,1.686540625,3.29098958333333,2.84119705882353,2.75102549019608,2.88184509803922,4.13014705882353,3.75644509803922,2.77303137254902,2.67214705882353,2.35076274509804,1.75772833333333,NA,NA,NA,NA,NA,NA,NA,NA,NA,NA,NA,NA,NA
"earn_OC8_G-N",1930132.39446079,0.439202799743853,-0.503417504671495,-0.589672848589925,-0.136302992053032,0.7901905455706,-0.597264705882353,1.37362745098039,0.0269166666666667,-3.77287745098039,-2.52237254901961,0.7790451778511,-3.38537502100146,-1.28440268382871,1.86185980122752,-0.793173846394346,1.68983012237015,-0.0155621118933334,-0.144947893513747,-1.26824254849755,0.295700533127382,-1.51329216828257,-0.296947969869259,-0.428673571852765,0.170458925066873,0.706421763273523,0.731435570204832,-0.156001443200059,-1.06723524670168,-1.26963872048248,-0.297306306572546,0.166270336350019,-0.556714937476342,-0.343625684832858,0.0729460353909279,0.190588664734741,-0.526361998222606,-0.0250716778260522,0.740656581261357,2.68467661041843,-0.0520745125086987,-0.736482805514174,-1.38589640478989,-0.772566349538706,3349.0637254902,1.74268452380952,327.40625,3.41241666666667,4.65191176470588,5.0990568627451,3.19137598039216,3.72455147058823,1.6408484375,4.55139791666666,3.01563823529412,3.10538921568627,3.2934637254902,3.86651323529412,4.0282387254902,3.07556568627451,3.02207647058824,2.54198725490196,2.71882416666667,2.81519607843137,NA,NA,NA,NA,NA,NA,NA,NA,NA,NA,NA,NA
"earn_OC9_G-N",1603709.67166667,0.454904496395,-0.33674025459873,-0.632777808118834,-0.0963067316919216,0.610920298014487,-0.794568627450981,1.59016666666667,0.0547990196078431,-2.75581862745098,-2.03665196078431,0.370817168137619,-0.899193646033361,-2.76063334080297,0.247328120413474,-1.30435231881456,0.381780527663283,-0.0513821916970539,-0.867832166466206,-3.66715686754431,-0.142649154340309,-1.46202728690328,-0.584582856147465,-0.838303493147703,-0.157652697333702,0.704433959881339,0.280425798567988,-0.273116967764363,-1.7234799636165,-1.39924796181322,-0.331565206078497,0.128777141914144,-0.535271793669863,-0.26536919539639,0.0922403343580915,0.0888183468235054,-0.697598847856621,-0.0677664558630203,0.634919357313296,2.85171483417139,-0.173457903918606,-0.495464536537769,-0.92282315044462,-0.519396677814388,2661.39215686275,1.59108333333333,154.9375,3.00114705882353,4.59384558823529,5.11611666666667,3.05851421568627,3.4921,1.83673645833333,4.82990208333333,2.92098039215686,3.00509019607843,3.15989754901961,4.04746715686275,4.13800098039216,3.31703137254902,3.05176960784314,2.64851715686274,2.80083416666667,2.65095098039216,3.03867107843137,NA,NA,NA,NA,NA,NA,NA,NA,NA,NA,NA
"earn_OC1_P-S",17320881.9390196,-1.0402880197095,-0.905910947056466,0.398679255150133,-0.398599866748928,1.94611957836476,-1.07663235294118,1.79552450980392,0.0343872549019608,0.926078431372549,0.847642156862743,1.14431371867345,1.49095344286041,-9.10807998199069,2.10047810704072,-5.87538973778318,-3.50892540442382,-4.51478302963706,3.48542948514287,-13.9238409813487,0.0653909619437863,1.72687982099332,0.931328724403904,0.924608331896656,-1.2444051439864,2.53072248149402,-0.881037832799087,-1.30038226645392,-6.35062034801606,-3.20653172577536,-1.14262799284373,-0.281435801112551,-1.06489662987225,0.601797028574302,-0.434900674872156,-0.693239111913708,-0.94121828696166,0.722775370836541,-2.04007382434515,-0.224371823575782,-1.23877997097747,1.04083811715879,-1.65311954609397,-0.99190767010044,4239.47549019608,-0.410910714285714,1337.92708333333,-2.38617156862745,17.5175691176471,9.43750098039216,6.99864509803922,6.2312455882353,5.1355234375,3.972,2.98715441176471,4.1566862745098,3.81815049019608,16.7321676470588,8.69561225490196,8.05306421568628,6.7843455882353,3.08493284313725,0.326301666666667,2.6891431372549,2.64987745098039,3.21131225490196,NA,NA,NA,NA,NA,NA,NA,NA,NA,NA
"earn_OC2_P-S",16714719.5227941,-0.34585203720688,-0.656191386546315,0.413842612172346,-0.410249555476751,0.9984503670576,-1.86619607843137,2.67863725490196,0.018514705882353,-0.767485294117647,-1.03144117647059,0.672300837859233,1.49839124900284,-4.92971982092561,-0.400917586189151,-3.48938876069865,-3.23203583509679,-5.93729395586393,3.94205269783748,-7.70674633197192,-1.97477373358365,-0.0352460072844438,-0.204199509820469,-0.250932886719745,-0.714904812892856,1.2976582857908,-0.525243073582929,-1.14564651023252,-3.30378088461578,-3.56609626405683,-0.900989230370024,-0.148844194799831,-0.860658627037931,0.37467111768691,-0.277612348132236,-0.438485171592525,-0.685803647351199,0.593876045415487,-0.900325075488889,1.09505314181404,-0.819320471971095,-0.115737602042006,-1.4968089033753,-1.69535197811142,4070.11274509804,0.244065476190476,861.406249999999,-2.20949509803922,12.6969794117647,7.58049901960784,5.39104264705882,5.20258970588235,3.88704635416667,2.41694791666667,2.68895490196078,3.27271078431372,3.47687647058824,11.2070328431373,6.85759068627451,6.07592254901961,5.18119803921569,2.52737156862745,0.0538508333333332,2.77120980392157,2.8057181372549,2.95817794117647,13.827987254902,NA,NA,NA,NA,NA,NA,NA,NA,NA
"earn_OC3_P-S",4371474.9904902,-0.0771706120773367,-0.613496629865125,0.00646804073767326,0.0112543479970797,0.672944853207709,-0.713936274509804,1.94935784313725,0.0912990196078431,-1.4616862745098,-0.97982843137255,2.7816215742726,1.68227442615587,-3.0091537398989,-1.2955195372729,-1.72581905209159,-1.15531143559998,-2.30159678815272,1.78756680865912,-1.91597465576084,-0.588547152772449,-0.394131270396278,-0.325796071811742,-0.852351947292005,-0.18117593262465,0.832551620304843,-0.202133879423204,-0.575894744659075,-0.393477431576415,-1.31697891278176,-0.268791731436613,0.015941865324184,-0.433906622899666,0.0998461482614318,-0.159600307895697,-0.120583077642883,-0.442354396104416,0.0104053834834641,0.304296004251772,1.43935818366448,-0.417263835310997,-0.176568546192164,-1.27977057738659,-0.463287081303716,2502.9068627451,0.800386904761905,69.1249999999998,0.897867647058824,5.27204264705882,4.93907549019608,3.25337745098039,3.24951029411765,1.63402239583333,3.3564375,2.16794950980392,2.34657254901961,2.38069166666667,5.39957450980392,4.00232892156863,3.5086887254902,3.1017387254902,1.84555539215686,1.39958666666667,1.87832450980392,2.16426666666667,2.24025637254902,5.6860181372549,4.49425294117647,NA,NA,NA,NA,NA,NA,NA,NA
"earn_OC4_P-S",7823220.92779412,-0.683348881608163,-0.807941036509371,0.293331792690454,0.184026988346152,1.01393113708093,-0.578392156862746,1.57583333333333,0.0356617647058824,-2.96557352941177,-2.126,4.94492003613971,1.24643502370124,-0.296881883157271,1.58560508594156,-2.32157858145938,-3.55703593587408,-2.82510522321155,2.93198270075721,2.35004741317687,-0.553460205338389,-0.851428223220843,-0.244345841854984,-0.742953172980753,1.15911909325046,1.91995562694541,0.293092236503868,-0.562454238402891,0.28177781167807,-1.74677075589503,-0.167232746328953,0.0100703871570247,-0.303106631573013,-0.158774448857176,-0.219086024846843,-0.103137583397856,-0.302150742862258,-0.0865512026328988,1.58672575252833,1.89043553575345,-0.403825500433966,-0.931627282106835,-2.89167622335998,-1.96421924241866,4074.38725490196,1.63960119047619,948.635416666667,0.247406862745099,6.76640588235294,6.14922156862745,4.10902205882353,4.35898970588235,1.61924739583333,4.1686125,3.28523921568628,3.23418333333333,3.10047941176471,5.95535539215686,4.46580637254902,3.82163921568627,3.88044019607843,2.57412254901961,1.0643375,2.56212549019608,2.83988774509804,2.76278676470588,5.33357156862745,4.74526421568627,2.9687705882353,NA,NA,NA,NA,NA,NA,NA
"earn_OC5_P-S",5699185.02009804,0.117031969166481,-0.592401494384711,-0.141989748785128,-0.10626763890041,0.723626912903769,-0.784705882352942,1.51510784313725,0.0427156862745098,-2.58310784313726,-2.02370098039216,1.93662203692068,-0.194419545348921,-1.98757086129271,0.483099186786943,-1.30890215786435,-0.975583481517275,-2.89405481086138,2.28333851321555,-1.34421039127417,-0.582559138158068,-1.27808187249818,-0.242435925593488,-0.543692955247462,0.115567591598601,0.919000780006472,0.0950915363111198,-0.524897315775186,-0.90609739706452,-1.6738713553135,-0.377352552396538,-0.0234826942627102,-0.536738198504822,-0.165276057273317,-0.0859185106989839,-0.0289670020625628,-0.383959217757771,0.102812880189692,0.587843141148453,1.97307110944769,-0.506810355195206,-0.746843175576188,-1.67786449345091,-1.05584549143486,3343.11274509804,1.46346428571429,462.010416666667,0.862995098039215,5.10553676470588,4.90018284313725,3.23106078431373,3.58052794117647,1.62055,2.86443541666667,2.49596176470588,2.6298137254902,2.72867892156863,4.27232647058823,3.83610833333333,3.07860931372549,2.97928088235294,2.20212450980392,1.35169833333333,2.3352068627451,2.62547843137255,2.52730392156863,4.0417637254902,3.80465980392157,2.41731862745098,3.06946666666667,NA,NA,NA,NA,NA,NA
"earn_OC6_P-S",7062758.78241667,-1.19431773051287,-0.132118878581602,1.27473181447151,-0.00253421699613166,0.0542390116190927,-0.937133333333334,1.57781666666667,0.0286916666666667,0.429491666666667,0.17985,6.96841172184828,1.05819057821224,0.784384205591159,0.0468801094704037,-0.38308709680688,-1.89623337998363,-5.06285340448806,6.2432707901411,7.49629421998795,-0.415936660464303,-0.0208204598439901,0.196180101734037,-0.577481217503431,0.747846243941232,0.589566090408342,-0.392459270700994,-1.12419366579406,4.15829305610146,-0.432817669835766,0.142898582550759,-0.135647498142128,0.239475863029547,0.568220042488357,-0.280124412334591,-0.350841567355801,0.446693507094475,0.155887144107277,1.21674764104156,0.470847252879575,-0.393513987411439,-0.373686342230325,-2.11415877368342,-0.809671443690632,2531.84166666667,1.46998958333333,308.783333333333,-1.67895833333333,3.48024166666667,3.98328333333333,2.9642475,2.46166416666667,0.3797475,3.47974722222222,1.31128333333333,1.32066833333333,0.78084,2.86990416666667,2.15331916666667,2.06687666666667,2.27217166666667,0.740196666666666,0.309882291666667,0.79194,0.9187825,0.885870833333334,4.64955,3.6347125,2.11672833333333,2.76585083333333,1.77232,NA,NA,NA,NA,NA
"earn_OC7_P-S",-1292374.62333333,0.563611148962719,0.120110897834807,-0.411545079853222,-0.121541373331009,-0.150635593613294,-0.383166666666667,2.09356666666667,0.151933333333333,-0.306066666666667,0.163666666666666,1.16383316886983,1.61291937111033,-3.51730555060486,-4.00670017995122,-0.563371178340687,1.20833178323437,-0.0906267203146092,-1.10426029487146,-2.79469217477277,-0.850857336963647,-0.582687314352092,-0.389069644793545,-1.03509970618715,-1.20467537429907,-0.415966846780225,-0.624561951748474,-0.565302962954388,0.479647558227868,-0.831955078269196,-0.00981860175364277,0.17452346500358,-0.178843676816357,0.162821725299924,0.0541775786070322,-0.0299958855528256,-0.679184299256047,-0.210248239966044,0.494001020780558,2.31730265157823,-0.0578028382860618,-0.0327559174512168,-0.157471579663251,0.287210464015425,115.1,1.28234615384615,-1100.3,2.19806666666667,1.42979666666667,3.57324,1.91729666666667,1.92312333333333,1.08352,5.17947083333333,2.03744,1.96507333333333,1.93241666666667,1.93319666666667,2.59775333333333,2.23723666666667,1.89652333333333,1.59389,2.68230333333333,1.76626,1.95076333333333,2.23447666666667,2.40930333333333,2.11226333333333,1.95451333333333,2.02654666666667,1.73688333333333,1.66170333333333,NA,NA,NA,NA
"earn_OC8_P-S",-440747.44088889,0.476031618043311,0.131705679721551,-0.72506434938785,-0.0730704528531061,0.190397504476095,-0.135122222222222,1.22824444444444,0.107344444444444,-0.659755555555556,0.0453388888888885,0.651809899107205,2.33384164104292,-2.50860180011212,-3.04990622110402,-0.486908346339128,0.0318445153742703,-0.176741614158249,-0.432380542259155,-2.22663654660203,-0.384845147992848,0.425432546267577,-0.222266549738986,-0.813610694398958,-1.23124789636216,-0.564947118988519,-0.455161532404872,-0.409854021209771,0.346358693424767,-0.997586734450487,0.015226518366709,0.191632533155509,-0.162555084639742,0.163271245268496,0.0807434984179215,0.0595593183380309,-0.552704383799942,-0.00230984902825786,0.572459867468138,2.30477176658687,0.0343903290116182,0.0453570387120245,-0.372973625008415,-0.50193034901199,472.872222222222,0.97248717948718,-651.6,2.07745,2.33395166666667,3.10597944444444,1.73442222222222,1.86540166666667,1.50733444444444,4.76760208333333,1.88397555555556,1.81235777777778,1.88885611111111,2.12000555555555,2.47552722222222,2.36711277777778,2.03040944444444,1.58397222222222,2.38616833333333,1.62091555555555,1.81646444444444,2.06939111111111,3.62130111111111,2.89700333333333,1.89775111111111,2.10782666666667,1.66586055555556,1.43574666666667,2.22113333333333,NA,NA,NA
"earn_OC9_P-S",5575951.25348039,-0.153747236684286,-0.455497032405753,-0.0640176696030196,0.0113647570293345,0.661897181663724,-0.816710784313726,1.32314215686274,0.0102745098039216,-1.65338725490196,-1.49373039215686,1.56039001733511,0.0919182700948391,-1.73697726574097,0.888655364108485,-1.72370313235915,-1.66748471151712,-1.78793292921021,1.02785516990594,-1.88705998261021,-0.588087509000399,-1.02976465361277,-0.327451987676918,-0.508190202245582,0.319541701752101,1.17286028136775,0.141715131294803,-0.453037270623903,-1.1591340032806,-1.53616453267266,-0.32568779172041,-0.0126892527333233,-0.401991586084376,-0.125746282438251,-0.0594343014782999,-0.0877448479968601,-0.430328617869563,0.00194377089385782,0.478647493388169,1.6923960486435,-0.34296837989036,-0.547389224150411,-1.50204673803245,-1.0725786448146,2738.40196078431,1.13016666666667,565.1875,0.822735294117647,5.49216323529412,4.6656862745098,3.03056225490196,3.27357941176471,1.62961041666667,3.19834791666667,2.37457401960784,2.48281862745098,2.52663774509804,4.68610049019608,3.70534901960784,3.10435539215686,2.93673774509804,2.10082107843137,1.38145916666667,2.05664901960784,2.29432303921569,2.31018039215686,4.44994068627451,3.85095441176471,2.22246421568628,2.82065147058824,2.3331431372549,1.6233125,1.59883666666667,1.62822888888889,NA,NA
"expend_ED5-8",-474949.449944444,0.0219280034616996,0.0229762356785342,-0.014389174283823,-0.0130390472208834,-0.0174760176355276,-0.00367222222222228,-0.0792833333333333,-0.00721666666666667,-0.139044444444444,-0.0551944444444445,-0.147374128811098,-0.72863856326822,0.349807697163948,0.441284161521353,0.0852372068311011,0.424315315830788,0.332660716537803,-0.221989992267887,0.287674167863988,0.131937265516769,-0.0570896488260846,0.0480415207809752,0.0429240684884044,0.0664956050030676,0.0714615072954678,0.102484636654499,0.0435950482282439,0.0325407992739485,0.0199510068505134,-0.00293248436531398,0.0331550782583039,0.0188511483338641,-0.0277018202616838,0.0240655785076498,0.0122110792902488,0.0259443124341235,0.00284428165116036,0.0386497736872142,0.0127946895908509,0.0591429686934582,-0.0243678404328099,-0.0497211634636937,-0.0745257140337044,22.3833333333334,0.0792916666666666,17.7857142857143,0.302472222222222,0.0181449999999999,0.0370794444444444,-0.0187388888888889,0.00190277777777772,0.013470238095238,0.153284126984127,0.0266983333333333,0.0112155555555555,0.0216761111111111,-0.190225555555556,-0.00554722222222239,-0.0903000000000001,-0.05165,0.0240122222222222,0.135495833333333,0.0364944444444444,0.0349388888888888,0.000482777777777712,-0.277668888888889,-0.214984444444445,-0.102034444444444,-0.0894955555555556,-0.0566972222222223,-0.07026875,-0.0300371794871796,-0.0577108974358975,-0.0485611111111112,NA
