"","pop_Total","pop_Y0-14","pop_Y15-24","pop_Y25-64","pop_Y65-74","pop_YGE75","ARPR","low_work","rooms_pp","mat_depriv","ARPR_socexcl","emp_Y15-24_ED0-2","emp_Y25-64_ED0-2","emp_Y15-24_ED3-4","emp_Y25-64_ED3-4","emp_Y15-24_ED5-8","emp_Y25-64_ED5-8","emp_TF","emp_TP","emp_Y15-24","emp_Y25-64","emp_YGE65","emp_Y15-24_NaceA","emp_Y25-64_NaceA","emp_Y15-24_NaceB-E","emp_Y25-64_NaceB-E","emp_Y15-24_NaceF","emp_Y25-64_NaceF","emp_Y15-24_NaceG-I","emp_Y25-64_NaceG-I","emp_Y15-24_NaceJ","emp_Y25-64_NaceJ","emp_Y15-24_NaceK","emp_Y25-64_NaceK","emp_Y15-24_NaceL","emp_Y25-64_NaceL","emp_Y15-24_NaceM_N","emp_Y25-64_NaceM_N","emp_Y15-24_NaceO-Q","emp_Y25-64_NaceO-Q","emp_Y15-24_NaceR-U","emp_Y25-64_NaceR-U","unemp_Y15-24","unemp_YGE25","GDP","GVAgr","disp_income","training","earn_OC1_NaceB-F","earn_OC2_NaceB-F","earn_OC3_NaceB-F","earn_OC4_NaceB-F","earn_OC5_NaceB-F","earn_OC6_NaceB-F","earn_OC7_NaceB-F","earn_OC8_NaceB-F","earn_OC9_NaceB-F","earn_OC1_NaceG-N","earn_OC2_NaceG-N","earn_OC3_NaceG-N","earn_OC4_NaceG-N","earn_OC5_NaceG-N","earn_OC6_NaceG-N","earn_OC7_NaceG-N","earn_OC8_NaceG-N","earn_OC9_NaceG-N","earn_OC1_NaceP-S","earn_OC2_NaceP-S","earn_OC3_NaceP-S","earn_OC4_NaceP-S","earn_OC5_NaceP-S","earn_OC6_NaceP-S","earn_OC7_NaceP-S","earn_OC8_NaceP-S","earn_OC9_NaceP-S","expend_ED5-8"
"pop_Total",NA,NA,NA,NA,NA,NA,NA,NA,NA,NA,NA,NA,NA,NA,NA,NA,NA,NA,NA,NA,NA,NA,NA,NA,NA,NA,NA,NA,NA,NA,NA,NA,NA,NA,NA,NA,NA,NA,NA,NA,NA,NA,NA,NA,NA,NA,NA,NA,NA,NA,NA,NA,NA,NA,NA,NA,NA,NA,NA,NA,NA,NA,NA,NA,NA,NA,NA,NA,NA,NA,NA,NA,NA,NA,NA,NA
"pop_Y0-14",-332824.169474491,NA,NA,NA,NA,NA,NA,NA,NA,NA,NA,NA,NA,NA,NA,NA,NA,NA,NA,NA,NA,NA,NA,NA,NA,NA,NA,NA,NA,NA,NA,NA,NA,NA,NA,NA,NA,NA,NA,NA,NA,NA,NA,NA,NA,NA,NA,NA,NA,NA,NA,NA,NA,NA,NA,NA,NA,NA,NA,NA,NA,NA,NA,NA,NA,NA,NA,NA,NA,NA,NA,NA,NA,NA,NA,NA
"pop_Y15-24",-17470749.1045577,1.11375854378493,NA,NA,NA,NA,NA,NA,NA,NA,NA,NA,NA,NA,NA,NA,NA,NA,NA,NA,NA,NA,NA,NA,NA,NA,NA,NA,NA,NA,NA,NA,NA,NA,NA,NA,NA,NA,NA,NA,NA,NA,NA,NA,NA,NA,NA,NA,NA,NA,NA,NA,NA,NA,NA,NA,NA,NA,NA,NA,NA,NA,NA,NA,NA,NA,NA,NA,NA,NA,NA,NA,NA,NA,NA,NA
"pop_Y25-64",-33228851.119743,-3.93352548324064,-2.07468313953877,NA,NA,NA,NA,NA,NA,NA,NA,NA,NA,NA,NA,NA,NA,NA,NA,NA,NA,NA,NA,NA,NA,NA,NA,NA,NA,NA,NA,NA,NA,NA,NA,NA,NA,NA,NA,NA,NA,NA,NA,NA,NA,NA,NA,NA,NA,NA,NA,NA,NA,NA,NA,NA,NA,NA,NA,NA,NA,NA,NA,NA,NA,NA,NA,NA,NA,NA,NA,NA,NA,NA,NA,NA
"pop_Y65-74",7218846.73831187,-1.42446729656503,0.10160621504506,-1.78277268058705,NA,NA,NA,NA,NA,NA,NA,NA,NA,NA,NA,NA,NA,NA,NA,NA,NA,NA,NA,NA,NA,NA,NA,NA,NA,NA,NA,NA,NA,NA,NA,NA,NA,NA,NA,NA,NA,NA,NA,NA,NA,NA,NA,NA,NA,NA,NA,NA,NA,NA,NA,NA,NA,NA,NA,NA,NA,NA,NA,NA,NA,NA,NA,NA,NA,NA,NA,NA,NA,NA,NA,NA
"pop_YGE75",43813577.6554632,-2.60354973457248,-1.02546177647185,-1.18682901501735,1.29002440949348,NA,NA,NA,NA,NA,NA,NA,NA,NA,NA,NA,NA,NA,NA,NA,NA,NA,NA,NA,NA,NA,NA,NA,NA,NA,NA,NA,NA,NA,NA,NA,NA,NA,NA,NA,NA,NA,NA,NA,NA,NA,NA,NA,NA,NA,NA,NA,NA,NA,NA,NA,NA,NA,NA,NA,NA,NA,NA,NA,NA,NA,NA,NA,NA,NA,NA,NA,NA,NA,NA,NA
"ARPR",26365610.176455,-6.08426693528776,-4.22079645150002,4.50003292348066,-0.243415818749826,6.04844628205695,NA,NA,NA,NA,NA,NA,NA,NA,NA,NA,NA,NA,NA,NA,NA,NA,NA,NA,NA,NA,NA,NA,NA,NA,NA,NA,NA,NA,NA,NA,NA,NA,NA,NA,NA,NA,NA,NA,NA,NA,NA,NA,NA,NA,NA,NA,NA,NA,NA,NA,NA,NA,NA,NA,NA,NA,NA,NA,NA,NA,NA,NA,NA,NA,NA,NA,NA,NA,NA,NA
"low_work",31649980.492328,5.06307369700171,-2.81162814880928,-2.91451218224583,-1.03774905325988,1.70081568731329,11.620873015873,NA,NA,NA,NA,NA,NA,NA,NA,NA,NA,NA,NA,NA,NA,NA,NA,NA,NA,NA,NA,NA,NA,NA,NA,NA,NA,NA,NA,NA,NA,NA,NA,NA,NA,NA,NA,NA,NA,NA,NA,NA,NA,NA,NA,NA,NA,NA,NA,NA,NA,NA,NA,NA,NA,NA,NA,NA,NA,NA,NA,NA,NA,NA,NA,NA,NA,NA,NA,NA
"rooms_pp",4086151.82962963,0.931029995000027,0.454373319570349,-0.946102272934204,-0.151169268573036,-0.288131773063136,-1.86648148148148,0.0735185185185184,NA,NA,NA,NA,NA,NA,NA,NA,NA,NA,NA,NA,NA,NA,NA,NA,NA,NA,NA,NA,NA,NA,NA,NA,NA,NA,NA,NA,NA,NA,NA,NA,NA,NA,NA,NA,NA,NA,NA,NA,NA,NA,NA,NA,NA,NA,NA,NA,NA,NA,NA,NA,NA,NA,NA,NA,NA,NA,NA,NA,NA,NA,NA,NA,NA,NA,NA,NA
"mat_depriv",-91448192.1703704,-15.8622534043621,-6.92330690918392,15.458783000442,2.64501480905107,4.68176250405294,53.3857407407407,14.8201851851852,-5.76842592592592,NA,NA,NA,NA,NA,NA,NA,NA,NA,NA,NA,NA,NA,NA,NA,NA,NA,NA,NA,NA,NA,NA,NA,NA,NA,NA,NA,NA,NA,NA,NA,NA,NA,NA,NA,NA,NA,NA,NA,NA,NA,NA,NA,NA,NA,NA,NA,NA,NA,NA,NA,NA,NA,NA,NA,NA,NA,NA,NA,NA,NA,NA,NA,NA,NA,NA,NA
"ARPR_socexcl",-22208301.4228836,-10.8505822525374,-7.53427149818175,10.3127940136554,0.569104624221222,7.50295511284255,59.2700529100529,26.4480291005291,-4.32157407407407,134.012592592593,NA,NA,NA,NA,NA,NA,NA,NA,NA,NA,NA,NA,NA,NA,NA,NA,NA,NA,NA,NA,NA,NA,NA,NA,NA,NA,NA,NA,NA,NA,NA,NA,NA,NA,NA,NA,NA,NA,NA,NA,NA,NA,NA,NA,NA,NA,NA,NA,NA,NA,NA,NA,NA,NA,NA,NA,NA,NA,NA,NA,NA,NA,NA,NA,NA,NA
"emp_Y15-24_ED0-2",105950731.167633,5.65670237396198,3.93274849475273,-20.3578623269404,5.87342264848204,4.89498880974364,-14.3451133210159,-15.7555017925053,4.57288876809121,-87.5566390252356,-57.8073719657263,NA,NA,NA,NA,NA,NA,NA,NA,NA,NA,NA,NA,NA,NA,NA,NA,NA,NA,NA,NA,NA,NA,NA,NA,NA,NA,NA,NA,NA,NA,NA,NA,NA,NA,NA,NA,NA,NA,NA,NA,NA,NA,NA,NA,NA,NA,NA,NA,NA,NA,NA,NA,NA,NA,NA,NA,NA,NA,NA,NA,NA,NA,NA,NA,NA
"emp_Y25-64_ED0-2",122842302.529006,-5.06859918263617,-2.46961801226583,-4.14611505018118,0.861370103467779,10.8229621416154,26.2719880281718,27.081441188661,2.09024621552784,-5.53548874517445,30.2297304305907,60.9105984727183,NA,NA,NA,NA,NA,NA,NA,NA,NA,NA,NA,NA,NA,NA,NA,NA,NA,NA,NA,NA,NA,NA,NA,NA,NA,NA,NA,NA,NA,NA,NA,NA,NA,NA,NA,NA,NA,NA,NA,NA,NA,NA,NA,NA,NA,NA,NA,NA,NA,NA,NA,NA,NA,NA,NA,NA,NA,NA,NA,NA,NA,NA,NA,NA
"emp_Y15-24_ED3-4",-160292535.225886,-13.7020748208261,-8.71575737343585,24.7377393591643,0.691743551788658,-3.011650716691,4.11022109205796,-8.17890435787428,-7.5178110928624,88.3921946599129,37.2876863405549,-175.160453290174,-125.184459961866,NA,NA,NA,NA,NA,NA,NA,NA,NA,NA,NA,NA,NA,NA,NA,NA,NA,NA,NA,NA,NA,NA,NA,NA,NA,NA,NA,NA,NA,NA,NA,NA,NA,NA,NA,NA,NA,NA,NA,NA,NA,NA,NA,NA,NA,NA,NA,NA,NA,NA,NA,NA,NA,NA,NA,NA,NA,NA,NA,NA,NA,NA,NA
"emp_Y25-64_ED3-4",-117208367.802185,-18.439604835719,-6.17674846856566,24.1415743993651,4.54517628509407,-4.07039738017455,-4.66627442564915,-31.7229006309863,-7.39451479164631,99.060885512467,29.5005352250566,-148.805984670892,-144.122154796812,253.517824360402,NA,NA,NA,NA,NA,NA,NA,NA,NA,NA,NA,NA,NA,NA,NA,NA,NA,NA,NA,NA,NA,NA,NA,NA,NA,NA,NA,NA,NA,NA,NA,NA,NA,NA,NA,NA,NA,NA,NA,NA,NA,NA,NA,NA,NA,NA,NA,NA,NA,NA,NA,NA,NA,NA,NA,NA,NA,NA,NA,NA,NA,NA
"emp_Y15-24_ED5-8",49620083.9640213,5.9350991971593,4.64169099786525,-3.33057739369901,-6.04088617530395,-1.20532662602158,11.4471373572657,22.1138628763008,2.7027572528949,3.02505299038079,22.7147345399839,-32.1843819160993,66.1237647512524,-90.0423259136529,-99.652508216771,NA,NA,NA,NA,NA,NA,NA,NA,NA,NA,NA,NA,NA,NA,NA,NA,NA,NA,NA,NA,NA,NA,NA,NA,NA,NA,NA,NA,NA,NA,NA,NA,NA,NA,NA,NA,NA,NA,NA,NA,NA,NA,NA,NA,NA,NA,NA,NA,NA,NA,NA,NA,NA,NA,NA,NA,NA,NA,NA,NA,NA
"emp_Y25-64_ED5-8",-4624266.11935605,20.4151459306045,8.42226511897815,-18.6242921752392,-4.62437766262729,-5.58874121171621,-19.8481550921003,1.93684968122854,4.96599764743326,-88.0695373696132,-56.6933409126463,85.4613474379748,16.2422106109252,-123.284231991868,-135.707969092611,31.9163086369951,NA,NA,NA,NA,NA,NA,NA,NA,NA,NA,NA,NA,NA,NA,NA,NA,NA,NA,NA,NA,NA,NA,NA,NA,NA,NA,NA,NA,NA,NA,NA,NA,NA,NA,NA,NA,NA,NA,NA,NA,NA,NA,NA,NA,NA,NA,NA,NA,NA,NA,NA,NA,NA,NA,NA,NA,NA,NA,NA,NA
"emp_TF",-81362526.7275847,-5.99624562782845,0.0823820223296084,11.4178955882718,-1.33060171627213,-4.17343026650083,0.141159086152768,-24.6687497487057,-2.2790333857358,27.6212708395608,6.04371276395275,-48.2504315127621,-57.4328544731458,72.0585311026629,92.0364810791817,-22.0442075811379,-32.0883438393734,NA,NA,NA,NA,NA,NA,NA,NA,NA,NA,NA,NA,NA,NA,NA,NA,NA,NA,NA,NA,NA,NA,NA,NA,NA,NA,NA,NA,NA,NA,NA,NA,NA,NA,NA,NA,NA,NA,NA,NA,NA,NA,NA,NA,NA,NA,NA,NA,NA,NA,NA,NA,NA,NA,NA,NA,NA,NA,NA
"emp_TP",95752052.8287394,16.0105247309128,7.46895347754629,-23.9920987274788,2.62663850098846,-2.11401798196876,-33.69517276283,-0.680280627827828,4.73286692644948,-89.6070869381195,-72.4803063140003,91.8042663503661,11.0801705826295,-104.469123823469,-93.5876340808046,8.3816871539138,76.6515268401441,-37.4104184173827,NA,NA,NA,NA,NA,NA,NA,NA,NA,NA,NA,NA,NA,NA,NA,NA,NA,NA,NA,NA,NA,NA,NA,NA,NA,NA,NA,NA,NA,NA,NA,NA,NA,NA,NA,NA,NA,NA,NA,NA,NA,NA,NA,NA,NA,NA,NA,NA,NA,NA,NA,NA,NA,NA,NA,NA,NA,NA
"emp_Y15-24",55504673.7243159,21.0912983895555,18.3145386195146,-42.9793977884246,10.2964485748988,-6.72288779554436,-71.7110275526511,-26.4061855844656,6.47710015496593,-127.179200623963,-130.94827883577,113.431831934263,-39.7121743846665,-115.367024327844,-62.134322485019,-2.47752593846912,96.072298927633,-20.3353526187761,149.417105241294,NA,NA,NA,NA,NA,NA,NA,NA,NA,NA,NA,NA,NA,NA,NA,NA,NA,NA,NA,NA,NA,NA,NA,NA,NA,NA,NA,NA,NA,NA,NA,NA,NA,NA,NA,NA,NA,NA,NA,NA,NA,NA,NA,NA,NA,NA,NA,NA,NA,NA,NA,NA,NA,NA,NA,NA,NA
"emp_Y25-64",16512503.2824183,8.7410240619431,7.65373331801332,-11.8801674341094,1.6402751832521,-6.15486512909914,-34.4533325545113,-30.4315825654196,2.31100909304462,-62.112845622022,-69.0201564140176,48.4320347552948,-52.1919995406394,-29.3949361948329,6.36016180077256,-21.2290590710011,43.0257662940483,20.6382679747812,54.1625614851392,130.502335321848,NA,NA,NA,NA,NA,NA,NA,NA,NA,NA,NA,NA,NA,NA,NA,NA,NA,NA,NA,NA,NA,NA,NA,NA,NA,NA,NA,NA,NA,NA,NA,NA,NA,NA,NA,NA,NA,NA,NA,NA,NA,NA,NA,NA,NA,NA,NA,NA,NA,NA,NA,NA,NA,NA,NA,NA
"emp_YGE65",-17509058.7082056,4.63287558046325,2.00230644512958,-4.45042075462533,-0.262533780393985,-1.92222749057352,-2.73464752116077,-2.04310687207557,0.315634721075146,-6.72924122502974,-5.19744834617466,0.01041369907294,-14.3069751249409,-4.47993984530593,-2.00384299070292,3.20930920535836,14.3922092983676,8.99267114445805,9.96502388753093,30.6252464327976,18.3834166228562,NA,NA,NA,NA,NA,NA,NA,NA,NA,NA,NA,NA,NA,NA,NA,NA,NA,NA,NA,NA,NA,NA,NA,NA,NA,NA,NA,NA,NA,NA,NA,NA,NA,NA,NA,NA,NA,NA,NA,NA,NA,NA,NA,NA,NA,NA,NA,NA,NA,NA,NA,NA,NA,NA,NA
"emp_Y15-24_NaceA",-127119916.688899,-11.1785156271598,-4.5134201869197,14.5041510937581,0.777751489261184,0.410033231060276,30.091339628045,-0.439745921284455,-4.14330171448838,99.8190901399737,76.842871638651,-51.0825016426507,-22.8099028113265,75.1904335460916,82.8619876622561,-21.3116396434836,-56.4737485438506,29.1627947391077,-64.8231994723002,-92.5949616828124,-33.4820400829378,-4.89780825369367,NA,NA,NA,NA,NA,NA,NA,NA,NA,NA,NA,NA,NA,NA,NA,NA,NA,NA,NA,NA,NA,NA,NA,NA,NA,NA,NA,NA,NA,NA,NA,NA,NA,NA,NA,NA,NA,NA,NA,NA,NA,NA,NA,NA,NA,NA,NA,NA,NA,NA,NA,NA,NA,NA
"emp_Y25-64_NaceA",-73633431.2277853,-7.03004517419769,-3.40334172587449,6.83302875792078,0.937957883905339,2.66240025824607,25.6975608871425,6.48440140669812,-3.07404295528174,68.4161021239417,58.5240677094591,-45.4866655760053,-9.71514699818845,56.9478985254936,49.9716126071509,-9.66287759838183,-37.9860326819819,16.6602334580176,-45.6718706648122,-65.1873554383355,-29.2768374168619,-0.0474815666324214,46.162857273352,NA,NA,NA,NA,NA,NA,NA,NA,NA,NA,NA,NA,NA,NA,NA,NA,NA,NA,NA,NA,NA,NA,NA,NA,NA,NA,NA,NA,NA,NA,NA,NA,NA,NA,NA,NA,NA,NA,NA,NA,NA,NA,NA,NA,NA,NA,NA,NA,NA,NA,NA,NA,NA
"emp_Y15-24_NaceB-E",-47155547.9534296,-17.2134219803599,-6.630081302982,26.7897547203859,-1.29798448295881,-1.64826695408522,5.54147279733104,-20.1087754262273,-4.72658801647797,56.381088357368,22.3803037359583,-119.966820283848,-56.654925894236,154.131839480339,166.76388472802,-29.0677382355177,-102.551976263761,68.6602768812417,-87.345483664276,-98.6762383058033,-15.9472332434761,-3.73187239848813,46.9791458627,29.7138542112415,NA,NA,NA,NA,NA,NA,NA,NA,NA,NA,NA,NA,NA,NA,NA,NA,NA,NA,NA,NA,NA,NA,NA,NA,NA,NA,NA,NA,NA,NA,NA,NA,NA,NA,NA,NA,NA,NA,NA,NA,NA,NA,NA,NA,NA,NA,NA,NA,NA,NA,NA,NA
"emp_Y25-64_NaceB-E",-21446130.7780073,-11.3277810858209,-5.29470963748684,15.4836903738142,1.31367168813249,-0.17487133863893,4.76467437956577,-11.0039835981014,-3.56685351850789,46.5062346143735,21.0774067066016,-75.2170125638017,-41.8515251163999,109.873691835751,122.575541157157,-31.328290734354,-75.827591620279,45.3267545788591,-55.593058741827,-54.5767909799249,-8.55080199843781,-0.539550787002918,36.2530392379767,23.7251983814311,97.7137740063856,NA,NA,NA,NA,NA,NA,NA,NA,NA,NA,NA,NA,NA,NA,NA,NA,NA,NA,NA,NA,NA,NA,NA,NA,NA,NA,NA,NA,NA,NA,NA,NA,NA,NA,NA,NA,NA,NA,NA,NA,NA,NA,NA,NA,NA,NA,NA,NA,NA,NA,NA
"emp_Y15-24_NaceF",3213860.57367698,-2.49843337976847,0.922681506784143,1.24481418752837,0.304732856430211,0.0262048290257422,0.434024845763313,-6.62252036007293,-0.0811961176835774,6.45143730130091,1.98664138635344,-0.598148506514745,-2.07872692048395,-2.98567359069872,7.47651717265165,4.35462669914856,-4.10739602495874,6.58643019157543,-3.0066585259194,3.15825768982669,4.8381871627826,-0.411870174785316,3.88754312197268,0.259474142171266,5.97048022200521,2.86077960183076,NA,NA,NA,NA,NA,NA,NA,NA,NA,NA,NA,NA,NA,NA,NA,NA,NA,NA,NA,NA,NA,NA,NA,NA,NA,NA,NA,NA,NA,NA,NA,NA,NA,NA,NA,NA,NA,NA,NA,NA,NA,NA,NA,NA,NA,NA,NA,NA,NA,NA
"emp_Y25-64_NaceF",-3104278.2520015,-1.68304589349539,0.128678762072296,1.67026658468889,0.188067835154037,-0.30396728841984,-0.321251201056027,-3.30756719035172,-0.307992854742169,5.19628027116818,1.24076775044281,-11.8372054595791,-4.68828309218381,9.91346443699703,14.8759654375878,2.53495690118002,-9.24664134859084,8.45606299911022,-6.14482608750049,0.135954995963192,2.43296189655283,1.46275553942962,2.70513247981687,1.97538084462111,14.9133065586813,10.1139264787613,1.57354246820719,NA,NA,NA,NA,NA,NA,NA,NA,NA,NA,NA,NA,NA,NA,NA,NA,NA,NA,NA,NA,NA,NA,NA,NA,NA,NA,NA,NA,NA,NA,NA,NA,NA,NA,NA,NA,NA,NA,NA,NA,NA,NA,NA,NA,NA,NA,NA,NA,NA
"emp_Y15-24_NaceG-I",5949045.97938285,9.47644280540395,-0.995223023499595,-13.3512357265095,1.55351738474801,3.31649855985715,3.50262429039442,35.7603158819259,1.46449623217462,-24.1878760921664,2.09268402650892,20.0322878787477,52.594320448573,-42.6580767535999,-83.0926638418349,20.3422466154831,26.453368660445,-46.2458658565042,28.7852585481468,20.0672375855182,-25.774014616034,3.660635933976,-29.1149738763363,-3.9546087394205,-52.3017877529615,-29.0453565274932,-13.5329109788936,-5.70449597264085,NA,NA,NA,NA,NA,NA,NA,NA,NA,NA,NA,NA,NA,NA,NA,NA,NA,NA,NA,NA,NA,NA,NA,NA,NA,NA,NA,NA,NA,NA,NA,NA,NA,NA,NA,NA,NA,NA,NA,NA,NA,NA,NA,NA,NA,NA,NA,NA
"emp_Y25-64_NaceG-I",-5757851.68374908,-6.26899237422749,-2.98495420499374,4.71900753489984,0.359810287733684,4.17512875658771,21.4878091528536,16.8163822294626,-1.49371513756415,46.0787747600508,46.7080928143754,-43.13684903614,30.861847460215,17.7874876603812,4.1438712172887,27.2715359404647,-32.3003054823105,-4.98553746014851,-32.6466788340654,-57.7006345282957,-41.2698999595976,-5.36220790395665,19.6287498594225,20.7318733026687,18.8241049352265,12.9326825266372,-0.541109908505261,2.21466214418027,15.9277009116232,NA,NA,NA,NA,NA,NA,NA,NA,NA,NA,NA,NA,NA,NA,NA,NA,NA,NA,NA,NA,NA,NA,NA,NA,NA,NA,NA,NA,NA,NA,NA,NA,NA,NA,NA,NA,NA,NA,NA,NA,NA,NA,NA,NA,NA,NA,NA
"emp_Y15-24_NaceJ",-4805716.93592418,0.297759112044044,0.577952108502774,0.220284548401342,-0.557827427388421,-0.538168341559738,1.14041546706741,-0.266390637490456,0.129692172513425,2.33629533987012,2.68755369258126,-2.75196092717133,2.04867460840364,-6.12564154943129,-4.41263325870481,8.81909120926724,2.29105919151817,1.90854676552493,-0.692039683998615,0.555786573686146,0.938473185340239,1.41413434191166,0.207160069357355,0.197425480047764,0.15847556920225,-0.763515091342726,1.00206298009321,0.709863848473832,-1.69576577964431,1.26196654856266,NA,NA,NA,NA,NA,NA,NA,NA,NA,NA,NA,NA,NA,NA,NA,NA,NA,NA,NA,NA,NA,NA,NA,NA,NA,NA,NA,NA,NA,NA,NA,NA,NA,NA,NA,NA,NA,NA,NA,NA,NA,NA,NA,NA,NA,NA
"emp_Y25-64_NaceJ",-2227814.75690681,2.46395219988716,0.701434125932315,-1.78467251136956,-0.282926798899694,-1.09778701555022,-4.52083512749357,-0.0852232313605022,0.514123388652785,-10.9150427253361,-9.17812806488351,9.23291937842048,-1.99381748101031,-8.68813288436018,-9.00741368919194,-1.25878519829067,9.92832675962486,-3.29185843043062,9.2500790179829,12.89874073762,5.93186021196694,1.05002626679587,-6.30062205959822,-5.09078545750719,-9.21193487108096,-6.23171838024235,-0.791432619165626,-1.03107230734834,2.41353773847036,-4.96373257097661,-0.240288254817187,NA,NA,NA,NA,NA,NA,NA,NA,NA,NA,NA,NA,NA,NA,NA,NA,NA,NA,NA,NA,NA,NA,NA,NA,NA,NA,NA,NA,NA,NA,NA,NA,NA,NA,NA,NA,NA,NA,NA,NA,NA,NA,NA,NA,NA
"emp_Y15-24_NaceK",6049272.27723399,0.899955479525844,0.617303914422309,-0.109179524422906,-0.764590586148171,-0.643489283377076,-0.939187270447976,0.749170787487621,0.176755722225228,-0.203343570443775,-0.54394726206448,-8.82446596448932,-1.87510596486959,-0.348332099064933,-0.460357816645779,8.86921986193315,2.04433834683931,0.482872645114368,0.453270726130862,1.73137662203826,0.602943109318584,0.389386328773875,-1.69160456507756,-1.11078274585548,0.4457503456998,-1.11615566811833,0.686297716872241,0.392124464212215,-2.26606600766273,0.754590555403748,0.654355279341669,0.00591832950939507,NA,NA,NA,NA,NA,NA,NA,NA,NA,NA,NA,NA,NA,NA,NA,NA,NA,NA,NA,NA,NA,NA,NA,NA,NA,NA,NA,NA,NA,NA,NA,NA,NA,NA,NA,NA,NA,NA,NA,NA,NA,NA,NA,NA
"emp_Y25-64_NaceK",-13210257.555574,3.71233793343859,1.34873771524896,0.799689858951995,-3.12188913965641,-2.73887636798313,-4.47337540809562,-2.05222384193402,1.17217285438167,-18.9027579396893,-13.0546013557124,19.2315381769199,3.21475339456278,-28.0762886685506,-30.9358022683789,7.53762168332776,25.7999573567969,-7.26748522866057,10.3402895578747,-2.58742941918702,3.90976373452157,-2.77451101477686,-8.40145230821322,-10.5906550635218,-21.8601636647698,-20.32525985499,0.415053714715497,-3.44226561981613,-7.0817601552134,-9.84910704125033,0.488257818233529,2.50668909898301,1.68375019207776,NA,NA,NA,NA,NA,NA,NA,NA,NA,NA,NA,NA,NA,NA,NA,NA,NA,NA,NA,NA,NA,NA,NA,NA,NA,NA,NA,NA,NA,NA,NA,NA,NA,NA,NA,NA,NA,NA,NA,NA,NA,NA,NA
"emp_Y15-24_NaceL",2126451.62352156,0.310555999023735,0.330542147553128,-0.481353443099767,-0.00785055729749176,-0.151894146179605,-0.859627665993281,-0.658012115881895,0.0297431729874914,-0.609687771728612,-1.26926792048369,-1.66881503294959,-3.03193373083476,1.20189141843248,1.98109587479006,0.362207809773631,0.958580452846812,0.874321841707147,1.11946689246355,3.7697038737152,2.12069225727802,0.551051356062121,-0.467681306198089,-0.325506874583706,-0.17385016692505,-0.241091056635285,0.279882010914464,0.100762979988697,-1.50550519721317,-0.857810695855019,0.0635607392679122,0.0909097563839499,0.258152199289719,0.122337787239742,NA,NA,NA,NA,NA,NA,NA,NA,NA,NA,NA,NA,NA,NA,NA,NA,NA,NA,NA,NA,NA,NA,NA,NA,NA,NA,NA,NA,NA,NA,NA,NA,NA,NA,NA,NA,NA,NA,NA,NA,NA,NA
"emp_Y25-64_NaceL",4759602.37989139,0.10044945408656,0.257945823830833,-0.680595880190802,0.218811212125342,0.103389390148066,-0.438304227947144,-1.32432677548919,0.0396167639759341,-1.35064254932784,-1.38801004752846,2.10140577634821,-1.46200450965979,-1.53159236894859,0.342705466700079,-0.587338985300707,1.12468847543064,1.41908292499569,1.74393803925888,5.36837312128911,3.35335851497563,1.21185752215192,-0.914445102226384,-0.484511249641177,-0.120107572320356,0.256805353124676,0.318556893059697,0.298067150947679,-0.894789717515681,-1.15819781334711,0.133760082085422,0.0560183211014507,-0.0992696739036289,-0.545331356638347,0.0860375314974046,NA,NA,NA,NA,NA,NA,NA,NA,NA,NA,NA,NA,NA,NA,NA,NA,NA,NA,NA,NA,NA,NA,NA,NA,NA,NA,NA,NA,NA,NA,NA,NA,NA,NA,NA,NA,NA,NA,NA,NA,NA
"emp_Y15-24_NaceM_N",14887458.4219005,2.834095162765,3.11899918473841,-6.18842714621421,0.451757464850196,-0.216424666139405,-7.05447868620168,-2.65338742560212,1.55906618049256,-25.8648511786128,-18.7357039284634,27.5305056344831,14.9692415257455,-43.9373890282597,-39.4244295180794,15.9521022966916,23.8070703282724,-8.48744235776501,23.8511951628093,41.4503724570576,14.7926687264848,4.02907526848925,-20.8006090528037,-13.2004440809947,-23.1879792796486,-16.7404280699362,0.895822367260549,-0.292453351821282,7.95885437547558,-5.53728949079192,1.61342641817118,1.81128676718198,1.13668609227448,2.57495990889646,0.142948343082326,0.741168739439023,NA,NA,NA,NA,NA,NA,NA,NA,NA,NA,NA,NA,NA,NA,NA,NA,NA,NA,NA,NA,NA,NA,NA,NA,NA,NA,NA,NA,NA,NA,NA,NA,NA,NA,NA,NA,NA,NA,NA,NA
"emp_Y25-64_NaceM_N",49134615.953042,4.75484146770616,1.58176255993413,-6.88834220528319,0.458947350086295,0.0927908275566029,-9.18534976436555,1.33390021317861,1.67284327225745,-31.6721292591459,-22.9603250150491,36.7935658151531,12.3407990381914,-41.6031347921662,-40.1551749670395,3.44421312394644,25.973151839807,-16.8838264062758,29.7088049825086,38.3491280817404,12.6063504285249,0.428949726390628,-22.9537424005909,-16.7131904268073,-31.9155910448739,-21.2809226028206,-1.38191831271364,-2.99081357125824,10.5837502331963,-10.1630313305669,-0.58893653420643,3.07504089752526,0.625818573480049,5.50341613736749,0.0811157478541836,0.276868566118727,7.59245093452873,NA,NA,NA,NA,NA,NA,NA,NA,NA,NA,NA,NA,NA,NA,NA,NA,NA,NA,NA,NA,NA,NA,NA,NA,NA,NA,NA,NA,NA,NA,NA,NA,NA,NA,NA,NA,NA,NA,NA
"emp_Y15-24_NaceO-Q",66912954.8623949,10.0583040052009,6.58422659776217,-11.9308875989805,-2.6316313246452,-2.08001167933743,-20.640195424177,-9.79069567453755,3.71070333348742,-68.8496106216348,-54.3082585424219,70.4112298618635,1.92852595493471,-84.5055845131292,-81.2306355784754,10.7800617501627,75.1611976646198,-27.4748762057752,58.5021339407526,68.4954445014166,34.2619495193061,-2.53011314865391,-41.9931946092297,-35.9901420606853,-77.9124193752844,-61.9576404817042,2.06481150186911,-9.04058810111387,-11.8367840541871,-32.9641563698804,-0.328208547448603,7.39333010177139,4.98630078692706,28.2975739412308,1.74386617758001,0.198100719373606,13.9284809019071,22.0732159810569,NA,NA,NA,NA,NA,NA,NA,NA,NA,NA,NA,NA,NA,NA,NA,NA,NA,NA,NA,NA,NA,NA,NA,NA,NA,NA,NA,NA,NA,NA,NA,NA,NA,NA,NA,NA,NA,NA
"emp_Y25-64_NaceO-Q",47070426.3476964,12.6239130726335,6.78394376534078,-18.2173270455705,1.2596997693789,-2.45022956178269,-29.2763349988148,-4.95961755283588,3.6426369058906,-76.5764326885573,-64.4414649818826,68.3794893951102,-3.15591153651493,-71.3406918274652,-67.0255062351018,-0.425884979622707,65.5194155774295,-26.0342373271924,71.0837227246763,115.255345636333,45.5384097575928,7.28096908237624,-51.2497124952175,-35.8545908054797,-68.9169419942963,-46.4944348467984,-2.27517796291847,-5.77675447840842,16.0041684133419,-30.2210099680966,-1.15390588900282,7.73598870711145,2.55722117459465,11.845155891851,1.37193982712923,1.23412515567808,17.4723992391686,22.6049460759537,56.04299460777,NA,NA,NA,NA,NA,NA,NA,NA,NA,NA,NA,NA,NA,NA,NA,NA,NA,NA,NA,NA,NA,NA,NA,NA,NA,NA,NA,NA,NA,NA,NA,NA,NA,NA,NA,NA,NA
"emp_Y15-24_NaceR-U",29907657.158687,3.1566428815491,-0.513684377477981,-2.53976540315022,-0.680774514334018,0.577581413413123,-0.632892472430134,5.5133768763563,1.08632956047752,-18.7094298576518,-7.71151435008231,32.7005327073209,20.6925511436285,-36.0925564611086,-41.8764206184083,2.32571324772214,19.5389561547575,-17.4673094348759,15.4438427204818,2.31406251127911,-2.60884160672742,-2.71724626722651,-12.4592910360263,-9.73772731024726,-27.3426669958128,-18.9654450820213,-2.5255424992449,-3.83922316491492,12.431285353,-4.46844162399685,-0.793459838558598,2.1146554700504,-0.527717073806911,6.72517141039359,-0.611590957930945,-0.382677810046165,3.68876990523726,7.83044496867396,14.9899740318226,11.1912673588364,NA,NA,NA,NA,NA,NA,NA,NA,NA,NA,NA,NA,NA,NA,NA,NA,NA,NA,NA,NA,NA,NA,NA,NA,NA,NA,NA,NA,NA,NA,NA,NA,NA,NA,NA,NA
"emp_Y25-64_NaceR-U",22283500.2014438,1.24900020461891,0.198255531543613,0.108684747956591,-1.6997566946481,0.14381621052899,-0.0807545510945297,0.324841565913867,1.07497296311562,-17.5200830115813,-8.1193796588168,26.4751648136752,20.1590142882247,-36.6268638428096,-39.3399294022071,9.67980732655153,18.4879524080232,-11.4409430354622,9.33778871471339,-5.75812504325259,-1.91936324143838,-3.70371303753488,-10.9232822262757,-9.99652918151253,-19.9031717903999,-17.2680935458499,0.0302704103005299,-2.69094163700303,1.29190585028117,-4.15426000230492,0.405856774724067,1.4206785199343,0.532392212461987,9.11639035517679,-0.440010092769797,-0.369131472238247,4.08971845936425,5.92811161073663,18.3623886314218,7.83569058467774,7.75281089740806,NA,NA,NA,NA,NA,NA,NA,NA,NA,NA,NA,NA,NA,NA,NA,NA,NA,NA,NA,NA,NA,NA,NA,NA,NA,NA,NA,NA,NA,NA,NA,NA,NA,NA,NA
"unemp_Y15-24",35233025.9951957,-1.31484940780848,-3.25439481321963,-2.5948581206689,1.84930936961863,5.31479297207839,8.60352749925035,16.3958646292194,-0.163362135193032,-1.57066423155158,10.2261472887117,13.0928830639234,33.9327141433052,-7.46215249382071,-28.7004568139231,-5.21190168505803,-4.87012435275124,-24.9762766410726,0.365400980931732,-22.9425360653233,-27.1823031865673,-6.75227237473303,-5.17063364192062,2.92151583879938,-16.398510145612,-8.1679417929489,-6.35034746849458,-3.76382744378307,33.3913206698232,11.6864768578516,-2.8810989780737,-0.518087879494394,-2.1757063481654,-4.02415265434434,-1.25258773711648,-1.03623986247724,-1.34164065807236,3.02632648627161,-8.48303245531227,-2.06001175155156,7.2775461969327,2.22524555151268,NA,NA,NA,NA,NA,NA,NA,NA,NA,NA,NA,NA,NA,NA,NA,NA,NA,NA,NA,NA,NA,NA,NA,NA,NA,NA,NA,NA,NA,NA,NA,NA,NA,NA
"unemp_YGE25",7131419.14673104,-3.49434147398678,-4.00953951283655,3.32066200941903,0.0798398482958241,4.10337912910847,13.7570327350805,14.7568706702887,-1.05058724953718,16.9948348517876,23.4241755502464,-16.6254190788754,23.4962228390835,17.901501066629,-4.0164720752154,-0.350544840912791,-18.3618177745059,-11.8201968879504,-20.1729990634914,-52.7010249977685,-34.3482112911251,-7.13071533288092,8.5725167419434,11.765893719454,6.30478747599715,4.73749503118273,-4.61195113648112,-1.61110396816137,20.8182634952321,17.1597021752151,-1.73975577250356,-2.32902366167256,-1.33517060920474,-4.50903698034136,-1.11161977955394,-1.31695824161879,-6.31587018321075,-4.29671874150576,-18.0423658134141,-16.9498304856693,2.09238901133393,-0.162187614371767,17.6091335887366,NA,NA,NA,NA,NA,NA,NA,NA,NA,NA,NA,NA,NA,NA,NA,NA,NA,NA,NA,NA,NA,NA,NA,NA,NA,NA,NA,NA,NA,NA,NA,NA,NA
"GDP",20366526153.3068,27934.9991434047,8872.53881482552,-11907.4885969672,-11804.9426422522,-13095.1067190109,-45531.1904761905,-16153.1084656085,7918.7037037037,-162182.12962963,-121728.187830688,162203.326423084,4755.37601072034,-176012.702325914,-183927.330082096,4778.00214132783,165994.056006088,-46903.5155277307,108460.480638686,88970.5092332508,66335.1429855478,-967.86789606428,-84057.882768625,-78827.6018997591,-143602.854510363,-116357.518975911,-3477.67383955446,-19448.3614108665,-11524.6183273042,-76758.5292769158,-848.660525475622,18234.850816023,5517.75566241615,65593.9850131601,966.602447775284,-427.958989625353,25245.0215549716,44643.8383945395,157482.220696663,101697.364511865,41330.3954432129,45199.9669294657,-15439.9977604976,-33329.8163133944,NA,NA,NA,NA,NA,NA,NA,NA,NA,NA,NA,NA,NA,NA,NA,NA,NA,NA,NA,NA,NA,NA,NA,NA,NA,NA,NA,NA,NA,NA,NA,NA
"GVAgr",-18072115.7252222,2.60416663486434,-0.608327369787129,2.24972158800707,-1.63335681825332,-2.61220403483097,-0.877892592592593,-0.823862962962964,-0.245666666666667,2.64101111111111,0.701011111111114,-8.12699649750509,-16.5075733700826,13.1818778176731,13.6171764586603,-6.06556083421651,1.34834657511713,8.82184868352784,-4.06201762050601,-6.69420142972455,5.05092153285646,3.23808985574886,5.61608331065903,1.96130176653462,7.69824860679551,5.54764024213995,-0.627752427298406,0.316089427794379,-6.03243886415178,-4.42081454471816,0.0765623418842122,0.610488851550666,-0.248030897470507,1.45436854995422,0.131601915368398,0.0962703548405382,-2.90244769486766,-1.91883363993936,-2.45695456659586,-2.6790088270204,-0.997312724362404,-1.2313223712904,-5.32830147820278,-2.89543009387032,7878.45185185185,NA,NA,NA,NA,NA,NA,NA,NA,NA,NA,NA,NA,NA,NA,NA,NA,NA,NA,NA,NA,NA,NA,NA,NA,NA,NA,NA,NA,NA,NA,NA
"disp_income",122868430085.577,7169.73634246381,3764.42650396639,-11748.8916106159,395.915515899756,418.813248285902,-20862.6121794872,1705.88141025641,3315.04807692308,-63156.3461538461,-49125.7211538462,44003.618543092,25738.0609717187,-71117.8625730307,-67174.0656203588,25262.7402663703,39390.2905952159,-28608.3869437808,52024.9325514711,74311.7423150092,22148.8849338934,-438.403923342403,-45417.1644812688,-34972.2675391717,-43475.7114211045,-31913.4467700874,-532.277319801853,-2582.46674306511,15969.2259983416,-12981.0598252729,276.033601536762,4450.27483340544,3737.46090445338,7644.41083548882,507.40997267812,489.961465349157,15605.9556292838,18762.0749756374,37562.2047459737,38996.3929157809,10236.1142726783,9403.15608493242,2703.7911128392,-8285.58290549415,63403541.6666667,-7077.80448717949,NA,NA,NA,NA,NA,NA,NA,NA,NA,NA,NA,NA,NA,NA,NA,NA,NA,NA,NA,NA,NA,NA,NA,NA,NA,NA,NA,NA,NA,NA
"training",59594261.9488095,14.4852749436803,8.20210481073629,-26.9637523449174,6.1662898103341,-1.88991721983326,-48.2268121693122,-19.1408068783069,4.66111111111111,-122.310833333333,-108.874841269841,135.456009192087,-13.0360019885869,-92.1742513037225,-74.0650974708555,-46.7190702266179,82.0227580439379,-29.0460378936262,107.791363967158,188.600815175345,81.9139809464568,12.9175142567079,-73.173917127541,-53.1232394370478,-87.5713692610729,-51.4897945393338,-4.70247846518305,-7.21201218831881,24.539127685221,-54.029981034839,-4.81587623261343,11.5333466170476,-2.57925662929491,8.28851967122821,1.06896027416454,2.89825713476714,25.5186355598473,33.9610125120172,63.7522479826228,87.1843520763775,16.822618963284,7.83730239583636,1.76993316778923,-25.6958032769737,129674.298941799,-3.43814814814815,50400.4967948718,NA,NA,NA,NA,NA,NA,NA,NA,NA,NA,NA,NA,NA,NA,NA,NA,NA,NA,NA,NA,NA,NA,NA,NA,NA,NA,NA,NA,NA
"earn_OC1_NaceB-F",195918177.794832,15.547527707791,3.07409956078085,-22.4256828028171,1.49823232342258,2.30582321082269,-34.9617475961538,15.4233533653846,6.05093028846154,-123.945394230769,-88.4142259615385,127.305778698588,62.1390311544635,-138.796314920455,-152.458402517755,7.01960174829546,84.3012047265511,-80.89095545355,103.224033279385,108.200058472015,20.1786230784831,-10.9516383869743,-91.2527966252277,-64.0154354677313,-117.610511172252,-80.4126483270494,-9.42912916859098,-14.1268564224021,53.5014504433934,-29.9471839079307,-5.37785743219036,11.1221324046199,2.45796562113897,22.2230582758052,-0.388839941558721,-0.817687243970488,22.9187761890513,41.6587683943833,82.498106472445,79.9466345123825,33.6347688473228,25.0271796333859,26.8733624048922,-1.56545974199802,166617.985576923,-12.1654334935897,76293.6105945337,117.016442307692,NA,NA,NA,NA,NA,NA,NA,NA,NA,NA,NA,NA,NA,NA,NA,NA,NA,NA,NA,NA,NA,NA,NA,NA,NA,NA,NA,NA
"earn_OC2_NaceB-F",143550121.118478,18.5222983522118,5.04245367551359,-21.9212427911999,-0.0514093263750588,-1.59209991015043,-34.3265913461538,11.8669262820513,4.99673237179487,-99.0796233974359,-75.7844030448718,78.6318219961571,16.8242107123112,-94.5310568795348,-103.878649862288,10.3207955804056,79.638698625438,-55.8232006325794,90.6570429286015,114.899651575085,33.0445281104089,-0.632762118474487,-73.388767959885,-50.4349103793223,-96.9454091967814,-66.2532362561418,-7.09673370235656,-10.8069586736015,35.6254623946564,-30.7341118518546,-3.37510718721612,10.270414119159,4.48724500945429,18.9616006144535,1.08313114768768,-0.0766604901887093,17.8290009587732,32.5746124993627,76.0003450918623,73.5297350622877,21.4647936952282,14.718059306414,9.88562057472452,-10.3078618698088,141541.725160256,-5.36029807692308,60744.2021696252,97.1883068910256,117.988819951923,NA,NA,NA,NA,NA,NA,NA,NA,NA,NA,NA,NA,NA,NA,NA,NA,NA,NA,NA,NA,NA,NA,NA,NA,NA,NA,NA
"earn_OC3_NaceB-F",92766215.8059456,15.273687614982,4.43760625066069,-17.5622602303803,-0.379863920099039,-1.76916971516332,-27.2081891025641,10.3565560897436,4.22814022435897,-81.6195184294872,-60.8827868589744,68.4325984772965,19.5347990430811,-84.6735532421352,-94.5671530503898,11.7593439669596,68.88429732069,-47.4300899638774,73.9308854446924,91.0613356721582,24.662856534104,-0.52761487201722,-59.9810968420911,-41.1003329207252,-83.3414497608317,-57.5957138944953,-6.07707083974637,-9.21184310579992,32.3322650697818,-24.1267186653255,-2.33108808017935,8.54401922129939,3.48489136457167,16.7251724967937,0.659303167089015,-0.204122197896872,15.694757233344,26.821347967298,62.1475071735097,59.9118801026435,18.7534005673501,13.4312244520786,9.08089109340994,-7.64598143815549,120269.811698718,-4.79327003205128,49394.8609467456,79.0268197115385,97.1523471153846,82.2837075320513,NA,NA,NA,NA,NA,NA,NA,NA,NA,NA,NA,NA,NA,NA,NA,NA,NA,NA,NA,NA,NA,NA,NA,NA,NA,NA
"earn_OC4_NaceB-F",74560620.8576683,11.5346717399147,3.54869773037259,-14.5571458499773,0.346621755505331,-0.872845375815319,-22.6773149038462,6.89152163461538,3.39197596153846,-68.5951995192308,-51.8120240384615,60.7373475149127,16.9648721581646,-68.8232648886025,-76.2047085097314,4.78330715729929,54.6836434215788,-38.6327655101549,60.8672175849264,76.6334404154578,21.0300345303002,-0.687561938398378,-49.4931678567388,-33.7501665965376,-67.3512819152826,-45.987555155714,-5.04661964253725,-7.46464868560125,27.1117137024529,-20.2867796112956,-2.30084343146199,6.89513540023924,2.2383738784287,12.6056618241033,0.432787803833246,-0.0678293359855776,13.1410204623746,22.1136751557895,49.3664880215913,49.2730109016891,15.433776172556,10.7974134498577,8.72773962923422,-5.79336430090754,95568.2331730769,-4.52486858974359,40073.0285996055,68.5525889423077,80.3382581730769,66.3863612980769,54.4104310096154,NA,NA,NA,NA,NA,NA,NA,NA,NA,NA,NA,NA,NA,NA,NA,NA,NA,NA,NA,NA,NA,NA,NA,NA,NA
"earn_OC5_NaceB-F",46756902.1912708,11.1414731206418,3.21825015837394,-13.4129061914331,0.354454219666449,-1.30127130724908,-19.1680795833333,10.23082625,3.09606833333333,-57.7504454166667,-41.7968395833334,52.376606270697,21.0407668701931,-65.5060638474972,-74.5635216621318,10.0635038551806,49.1002234898816,-37.2819306691795,54.4462020241691,68.6689694359377,14.8933687486562,0.340000352510203,-43.7234893384023,-28.6783323301136,-62.6560182353114,-41.869403898773,-5.4280848913765,-6.5432386519357,32.1027053302,-14.4451762321984,-1.57067684657368,6.13331197080812,1.90598337325401,9.8187517878246,0.153854112749547,-0.200821272034686,12.5069932418412,19.522631243056,38.1820331124284,42.4333415600918,14.1503089930719,9.06987006920704,9.82154012165877,-3.51115086868777,77471.6125,-4.32973416666667,35504.9467399267,58.6708991666667,70.948785875,57.885034,48.1315147916667,39.20630225,NA,NA,NA,NA,NA,NA,NA,NA,NA,NA,NA,NA,NA,NA,NA,NA,NA,NA,NA,NA,NA,NA,NA,NA
"earn_OC6_NaceB-F",70821660.3261218,11.6181812438228,5.33707561842271,-21.6948234545383,3.77217211643816,0.967394475854605,-31.7981346153846,-0.00365064102564494,3.62737179487179,-93.4550128205128,-75.5053381410256,80.2860480265081,9.07832376961421,-66.7738734365398,-74.1121988263681,-16.3066092242926,61.0410606643593,-37.5866327195609,77.926353022241,122.718097880605,39.6793104124578,5.60187615693397,-56.0215587394303,-38.4388067718796,-72.1870533318307,-45.4072714091291,-7.03760180271897,-6.96165384137937,38.9904581188642,-27.8826416127173,-3.50173633986639,7.8791177695426,0.379518975817159,5.35621942515944,0.481235498718092,1.15059977736721,18.308519934458,25.5671626581226,47.2583271421153,63.6789799018381,14.0244290049825,6.48689950134872,12.8849321895362,-7.69043687255166,85165.5592948718,-6.70283653846154,38900.0448717949,105.376770833333,89.0631225961538,73.1799488782051,59.6549955128205,50.7693524038461,44.6738076923077,NA,NA,NA,NA,NA,NA,NA,NA,NA,NA,NA,NA,NA,NA,NA,NA,NA,NA,NA,NA,NA,NA,NA
"earn_OC7_NaceB-F",64460284.1507532,11.9718635567102,3.54044472396835,-15.3439950458375,0.78707644240142,-0.955389677242512,-21.239921474359,8.97229326923077,3.26443108974359,-63.0454198717949,-46.8041209935898,59.1049449484544,17.0811856537299,-67.9128723458815,-75.2524255413564,5.41764797961193,53.4025097901006,-38.6707744103711,60.6294789636146,79.1667029144471,20.2417734763664,0.833972543022923,-46.8211016049742,-31.0890312237106,-68.2372206536321,-45.072532234522,-5.47241962227574,-7.23788439923773,30.9611080491936,-18.3795130047814,-2.13297435114352,6.75670615087954,1.89315548274686,10.5806672951236,0.383317888704183,0.00812549410872437,13.0935368835197,21.470861705476,44.4283405454094,48.0117829670278,14.8159683851662,9.23698661552266,9.3666939440093,-5.36342515597768,86167.5600961538,-4.25666426282051,38022.0865032403,67.5993549679487,76.8665569711539,64.1134350961539,52.6997828525641,43.0109180288462,39.1542749198718,68.511849112426,NA,NA,NA,NA,NA,NA,NA,NA,NA,NA,NA,NA,NA,NA,NA,NA,NA,NA,NA,NA,NA,NA
"earn_OC8_NaceB-F",45463152.5519391,12.163294049923,3.99896894626019,-15.4346510975806,0.800715857518325,-1.5283277561209,-22.2906586538462,9.18496955128205,3.33955929487179,-63.7383349358974,-47.8254198717949,57.9440238158701,17.9862580792975,-68.778114825324,-76.9844793410193,7.52360993907179,54.2301841098541,-38.8388593484066,61.0307458956605,81.896484328505,20.1078629486336,1.34070189146056,-47.4541199698927,-31.1195751462875,-68.5794610204994,-45.4211373266446,-5.62189445609415,-7.02103538759247,33.2479650940937,-17.5738972492079,-1.85353505876475,6.82565953957418,1.9811407021517,10.2589644216925,0.33454623370745,-0.0352617863660282,13.8430076567741,21.281415831257,42.8730829442302,48.2343144827207,14.5133717211838,8.92864406003212,9.42987992334982,-5.34609153282775,84211.5352564103,-4.62245192307692,38275.3454494224,67.921203525641,76.1633081730769,63.4216248397436,52.5430070512821,42.9270043269231,39.7860504807692,67.5661146203156,42.4850711538462,NA,NA,NA,NA,NA,NA,NA,NA,NA,NA,NA,NA,NA,NA,NA,NA,NA,NA,NA,NA,NA
"earn_OC9_NaceB-F",45830716.4215305,10.4205677872607,3.24219245274486,-13.2824851905801,0.592325363499193,-0.9726004129246,-18.5010248397436,8.12868189102564,2.9396578525641,-56.4415512820513,-41.3052275641026,53.5776065217734,18.3025780183707,-62.8449072049812,-70.5457723052103,6.39775798695488,48.1152393707165,-34.8502646823204,53.1156789349473,68.4000637652245,16.5288888391222,0.654359631678822,-41.7596774529938,-27.4865051059818,-61.0665694717547,-40.690657666268,-4.983476060594,-6.41409614016822,29.184885539136,-15.4140168770357,-1.68858738964412,5.95177687928417,1.57779901775315,9.54571126507324,0.20983815444828,-0.0561979723093837,12.1503983838618,18.9354842952594,38.3711340746001,41.9522589853171,13.5049711047635,8.69598317611165,9.00693175965685,-4.09956036108498,76499.1907051282,-4.13334695512821,33593.8657368273,59.3325336538462,68.0487802884616,55.6882292467949,46.215383974359,37.8125634615385,34.8717018429487,58.9057640039448,37.2811967147436,37.6340342948718,NA,NA,NA,NA,NA,NA,NA,NA,NA,NA,NA,NA,NA,NA,NA,NA,NA,NA,NA,NA
"earn_OC1_NaceG-N",124496475.116907,13.9374174881044,5.8916197020244,-19.5793838984787,-0.104167356175119,-0.145485935474941,-32.3604647435898,4.20424519230769,5.4164671474359,-106.964479967949,-80.1995849358975,104.089000357118,37.5190944587193,-121.20108397656,-128.587459431394,13.1274657150645,85.7837387099801,-60.3868437828801,89.568400558191,103.587323532146,28.9582262031072,-6.65385198505806,-75.7827307687286,-54.783005895453,-105.837764871455,-76.7543719410075,-4.48616010437944,-12.0035644806345,28.635483852983,-31.802996454562,-2.87157173777852,9.9969047769576,3.963448321283,25.3215724526335,0.578221734843619,-0.362224286918426,21.4303776364186,34.5572472563732,88.5099163380824,74.6488872741593,25.5458984307495,22.2816302560427,11.4921589682556,-9.77069828237185,166517.882211538,-9.83377804487179,64779.555508594,99.8872684294872,127.101388461538,100.779775961538,83.152137900641,67.9822271634615,59.411177323718,102.210699778107,64.1375834935897,63.6283865384616,56.6139858974359,NA,NA,NA,NA,NA,NA,NA,NA,NA,NA,NA,NA,NA,NA,NA,NA,NA,NA,NA
"earn_OC2_NaceG-N",106880416.887989,17.7930512136366,4.41726169630679,-18.4558627493593,-1.17008482645921,-2.58436533412485,-27.2907331730769,14.6971193910256,4.36164743589744,-79.609311698718,-58.3198108974359,59.4377396528469,16.1697339541811,-83.6311285833502,-95.0517779839909,18.803044103614,71.560087008397,-48.7177079742316,75.9143188616389,92.9185800337708,24.5339557954766,0.90083604649975,-60.9509854923189,-41.251100387712,-85.4474760069518,-58.814524650202,-6.64914192410048,-9.32007494676851,34.3081227818485,-23.3717139432419,-1.94961982125893,8.88649106010207,4.50694789915465,17.1158116240177,0.906127263892933,-0.270054898758371,15.1614317955154,27.1005229481501,63.1504926911667,60.9161320793161,18.4819638496322,12.634662684088,7.70380416865259,-8.31500276181084,121311.221955128,-3.47058653846154,50873.8455903071,75.2781065705128,97.4607677884616,86.2409167467949,70.1014725160257,55.8445790865385,50.2927591346154,84.6951716962525,54.4247925480769,54.1250030448718,47.4108911858974,83.6113036057692,NA,NA,NA,NA,NA,NA,NA,NA,NA,NA,NA,NA,NA,NA,NA,NA,NA,NA
"earn_OC3_NaceG-N",74333763.3176122,13.195850427192,3.64800177660815,-14.7095351629972,-0.771193634573983,-1.363123406229,-22.3276682692308,9.99011858974359,3.78227564102564,-74.0320080128205,-52.940891025641,62.5890926656723,23.7985077359587,-79.2524749635678,-91.3782840087024,12.8535353822666,62.2354534612483,-42.8737874562733,63.313087252294,73.1801763325825,18.4232452975609,-0.605536143460307,-53.9864329620094,-36.1742713731738,-73.7358913517743,-51.7012594643545,-5.91802880781162,-8.2247181320943,31.9891723303999,-19.685539074496,-1.80984293328081,7.40129836935481,2.82352969428851,15.1101038205397,0.311255043038479,-0.271762337977375,14.4796393024551,23.5370854915988,52.8488710760302,51.0924721406197,17.652749819116,13.1474517802134,9.95489706791429,-4.80091876676328,107287.342948718,-4.50147836538462,43142.9561848408,67.8189967948718,85.9665471153846,70.5639919070513,58.4030623397436,47.3292278846154,42.8406180288462,70.3582859220907,45.7917495192308,45.853782051282,40.5177568910256,72.7692576923077,60.3134318910257,NA,NA,NA,NA,NA,NA,NA,NA,NA,NA,NA,NA,NA,NA,NA,NA,NA
"earn_OC4_NaceG-N",51345038.0507853,11.7562849991134,3.61463117928769,-12.5897096360307,-0.915497545399512,-1.86570899697088,-20.3018862179487,7.61353846153846,3.35292948717949,-64.3668685897436,-46.9266121794872,55.2241653059977,18.4077323766941,-69.8001090107094,-79.6607685258634,11.1882978175315,56.4617407130753,-36.8135818639435,55.5621458855869,64.7205250483244,17.2451480729459,-0.660406293065462,-46.0292800426533,-31.7369823201652,-66.0603169370159,-46.834037564532,-4.76826035012449,-7.42426654111292,25.4470957903584,-18.4627410084383,-1.44934478801378,6.69785022655859,2.62272185994754,14.7021279927803,0.34642020602436,-0.296348566716063,12.6465326322808,20.5518351579089,49.1238553191687,45.5898763152193,15.3999311973709,11.9098239892923,7.14048547168463,-5.41402818855015,99622.8173076923,-3.67943189102564,37338.5943927867,59.4944983974359,74.6747110576923,62.0762954326923,51.5366238782051,41.6427014423077,37.6321241185898,60.7528504930967,40.1921112179487,40.3132639423077,35.5799857371795,64.6241371794872,53.1911961538462,45.2542478365385,NA,NA,NA,NA,NA,NA,NA,NA,NA,NA,NA,NA,NA,NA,NA,NA
"earn_OC5_NaceG-N",46849083.3717869,9.81735752280875,3.01775040221709,-12.1668778468137,0.3613817645199,-1.02961184273204,-17.5349302884615,7.27889342948718,2.77577003205128,-52.810766025641,-38.9516883012821,50.0787050801878,16.1241581880439,-58.8769150348499,-65.4663883599872,6.03741424856967,45.4199804470425,-32.6665924964038,49.7397146919846,62.9299288493972,15.6518305043306,0.0325146525004558,-38.8535950099303,-26.2357420228167,-57.5062194813086,-38.6904951968795,-4.4025587343053,-6.18152498048726,25.2117002518422,-15.1409987718878,-1.61660720599108,5.65356166885959,1.65885428601141,9.89890830324596,0.253134225678886,-0.105683337506053,11.05596787413,17.8948567576817,38.1331436239517,39.6043467799548,12.8178732576598,8.59057658260844,7.71349831806321,-4.3242660312527,75400.4046474359,-3.70619631410256,31821.5625528318,54.9752748397436,64.4999161057692,53.1491400641026,43.9650434294872,35.8411713942308,32.7563454326923,55.3035019723866,35.1431959134615,35.3361828525641,31.0651856570513,54.1954778846154,45.2324919070513,38.3880465544872,33.8165362980769,NA,NA,NA,NA,NA,NA,NA,NA,NA,NA,NA,NA,NA,NA,NA
"earn_OC6_NaceG-N",103765944.176855,8.21107260308895,2.76136266030699,-15.2630614421236,1.74183532908966,2.54879084963796,-14.3189599673203,3.73087990196079,2.82285947712418,-60.0517949346405,-41.4234133986928,69.7977931937314,21.9349207605246,-70.6040988315211,-74.8489692833582,-1.60863048248304,49.7304328131667,-34.6909910672629,55.7707781800094,70.5914087635876,20.910705087429,0.634560644571574,-45.8029026537401,-27.8793924755033,-65.1893592123029,-43.0417670755697,-3.96559931044156,-6.94482661022643,24.6754128088194,-18.501774430756,-2.48826394407081,5.50929378897893,0.628439074075478,9.03312808304769,0.238630547953157,0.571110013949691,13.1410423373264,20.5478375028309,44.526911881761,44.746035692213,14.5472784582198,10.0749327896551,10.4471539951356,-4.42196541364506,80288.443627451,-5.34560620915033,36077.0659125189,67.7041429738562,71.5629328431373,56.7838786764706,46.329960375817,38.6183223039216,33.2752160130719,50.0701556184012,37.4088234477124,36.7591906862745,32.8005545751634,60.1446303104575,46.2986100490196,40.5712607843137,35.2331459150327,30.8975713235294,NA,NA,NA,NA,NA,NA,NA,NA,NA,NA,NA,NA,NA,NA
"earn_OC7_NaceG-N",47840425.411282,12.4517373056705,3.28349139889088,-13.2158257663247,-0.481622077309326,-2.03778086092734,-19.0328605769231,10.499203525641,3.0159358974359,-56.5818862179487,-40.9608974358975,44.457780753744,13.3753628331944,-59.2251816817045,-69.4184413752821,11.1794397242163,50.9425349444312,-33.8840667759324,53.0465687402574,66.9928911118389,16.8838004322024,2.05543032118567,-42.4465408491494,-27.5524428867554,-60.4011416009756,-40.8290726555751,-5.50304820166105,-6.39907392684693,29.4138583180508,-15.5149041436319,-1.32744213047866,6.2547397630614,2.44261568377662,10.5019076773126,0.411960040638691,-0.125964785883854,11.4527382545711,18.5842850225656,39.3967445068904,42.1936977052428,13.0040459085765,8.2238950743168,7.14975071882577,-4.73826251161755,79977.5176282051,-2.53793429487179,33656.6141166526,55.4642580128205,66.3811822115385,57.5123405448718,47.439991025641,38.1639427884615,35.2345783653846,57.9533763806706,37.6819918269231,37.9721948717949,33.2208483974359,55.9979807692308,49.9846983974359,41.367316025641,36.3961163461538,31.339269551282,40.5198058572147,NA,NA,NA,NA,NA,NA,NA,NA,NA,NA,NA,NA,NA
"earn_OC8_NaceG-N",29792695.3964103,12.0464026548545,3.40204871520193,-13.5104363107293,-0.134265625823888,-1.80374943350317,-17.6648028846154,9.25420512820513,2.96571073717949,-56.5647123397436,-39.9187371794872,53.0100613532575,15.3897368442964,-63.2900108798705,-73.9406780309534,6.88497344411421,53.5510759412416,-33.851512082643,53.3069538360898,67.0835968737516,17.440118201886,2.73986690682116,-40.7388001166697,-26.2422774242017,-64.1304011007923,-42.8819638101449,-5.75562610018741,-6.86114414413432,31.058471479429,-16.416259882181,-1.44591095436686,6.36063704291063,1.52506629851338,10.6257327987917,0.234987372134656,-0.0204808089116702,12.0874457296519,18.726572259885,39.112275024021,42.6383051198333,13.8643456475597,8.78018455212725,8.26346282690485,-4.45312947370932,82551.4943910256,-2.56641105769231,31324.0449422373,59.3965088141026,65.8228860576923,55.547127724359,46.4309207532051,37.7514983173077,34.9813012019231,57.3897572238659,37.4739903846154,37.9233993589744,33.3052107371795,55.5906569711538,48.0491763621795,40.9128551282051,36.0775442307692,31.2489477564103,39.9674022435897,34.0097371794872,NA,NA,NA,NA,NA,NA,NA,NA,NA,NA,NA,NA
"earn_OC9_NaceG-N",36938482.651891,9.46893763695897,2.90995712815477,-11.5060828086279,0.282253367219341,-1.15506532370517,-16.1277532051282,7.47729967948718,2.63456169871795,-48.9745681089744,-35.6036049679487,47.68379646652,16.3002114585806,-56.9985412596396,-63.7856113373414,6.67311961967583,43.6744432161028,-31.2525713793625,46.8634991450568,58.9615523386163,14.0893933267148,0.290629808942781,-36.1486561371071,-24.2940872867955,-55.4455627470778,-37.231865739725,-4.30737007786656,-5.91282960909923,25.0773655076986,-13.8079989538572,-1.3957238856843,5.3723618826188,1.49738566607291,9.40575914143956,0.186641905717004,-0.129637074720153,10.6130633613679,16.8298773111974,35.3467568193249,37.1450553338258,12.2939211326817,8.18859154733483,7.51537609921458,-3.87877750299709,71121.5608974359,-3.45116506410256,29605.0185967878,51.4536394230769,60.4685348557692,49.6968963141026,41.3376236378205,33.6782932692308,31.1000443910256,51.1767625493097,33.1729407051282,33.4749641025641,29.4202648237179,50.7410351762821,42.5358575320513,36.2146121794872,31.9352915064103,27.7221212339744,36.2010043174962,29.680319551282,29.7377883814103,NA,NA,NA,NA,NA,NA,NA,NA,NA,NA,NA
"earn_OC1_NaceP-S",158850806.439944,18.1001422616968,4.85593842126685,-19.9650250063588,-2.32308464715418,-0.667971029450681,-31.6902908653846,21.9058469551282,6.67495592948718,-117.82433974359,-78.8758357371795,101.335454988019,73.5644915790767,-154.118458838577,-175.095840507096,47.6311714062482,94.5123705636325,-82.2014348041314,96.9379171402496,92.0519216644078,10.1248116303028,-10.1886615980154,-92.8015369770214,-63.8040353525152,-120.036606062111,-88.3333061701051,-7.94477433933221,-13.2348800491481,54.2552877853382,-20.9236511559337,-1.52691333469435,10.7182251822355,6.19890898159448,27.8392424462632,-0.206357056692998,-1.47562525096971,25.322488307295,39.4623246130183,86.335379969184,75.1833373199206,32.6820488932369,27.9989251274055,21.2876084734191,-1.93790267470503,174630.172275641,-12.650797275641,80399.3396731474,90.0384703525641,151.414810817308,115.290405608974,96.4184782051282,77.6988579326923,72.1706550480769,103.397145981262,74.1588064903846,74.396796474359,66.2762965544872,125.243027403846,99.2213153044872,86.1279500801282,75.5218338942308,63.0721657852564,84.3831014328808,66.9937044871795,65.0438661858974,59.5387595352564,NA,NA,NA,NA,NA,NA,NA,NA,NA,NA
"earn_OC2_NaceP-S",107667313.20399,20.1936684582333,3.85952141489545,-14.7717369086702,-6.44684143054689,-2.83461153391161,-21.0311314102564,20.880328525641,6.00698798076923,-106.477709134615,-63.2481682692308,91.4837824678391,60.5678532193585,-143.818891987257,-174.306563379875,46.0894105067628,104.838408788226,-68.5685544395318,79.6155414646845,51.6087190248929,7.0632635360335,-5.58889073797875,-77.2007386925178,-53.4650588888491,-115.363513291242,-88.6015550461188,-8.59362038882845,-14.1845724124559,44.7034016384258,-23.2616520008664,-0.332775150197033,10.6119539203778,5.60554657452639,34.2577537863868,-0.242786750838597,-1.50298427181858,20.8261246612498,34.0257556840706,87.8419527076899,65.3576817584116,32.6391233691657,30.1263720177102,15.2372737209227,-1.96476976535237,197319.111378205,-5.20700721153846,62567.5848126233,70.8405809294872,127.673988461538,100.207784294872,85.1341483173077,67.4843459134615,61.6342044070513,78.7330965729783,63.7211626602564,63.4993448717949,57.2235192307692,110.431817227564,88.5682765224359,77.358903525641,68.6502455128205,54.843957051282,71.1860592068879,59.7920349358974,59.1664215544872,52.0860247596154,139.478010737179,NA,NA,NA,NA,NA,NA,NA,NA,NA
"earn_OC3_NaceP-S",39407499.4035978,17.2336471847157,5.01642345578975,-13.649776656236,-3.83413789582406,-4.76615608844537,-26.0148758012821,12.0291530448718,4.78614823717949,-85.1943685897436,-59.9633934294872,69.5855193356516,27.9467767824156,-101.009178066963,-118.440613213741,26.3295194872396,83.1532122441149,-50.5785291415225,70.1362451699287,68.43012579681,17.1846465963347,-2.8659139757528,-59.6219277447009,-43.4592930543064,-92.1578136987002,-68.96591109373,-6.09132501738611,-10.9590361303611,30.2927468101146,-24.3740300317518,-0.868824839675832,9.44903000133436,4.67812931710861,26.5081637827752,0.356802825043603,-1.04720858622748,16.332683765205,27.1760838507394,73.1488839897799,59.0174780169816,22.7257358241812,20.0135174048805,6.89365632598547,-7.40807631049439,156655.952724359,-3.57543189102564,49760.471682164,68.2735504807692,100.199232932692,83.7576506410256,70.5294801282052,56.0236233173077,51.1356657852564,71.029167800789,53.4666539262821,53.779922275641,47.6437388621795,89.4743017628205,73.4898721955128,62.4586811698718,56.1313369391026,45.6992029647436,57.4921876194067,49.7624017628205,49.0833088141026,43.3642821314103,107.644642227564,103.329897596154,NA,NA,NA,NA,NA,NA,NA,NA
"earn_OC4_NaceP-S",32668378.8812981,15.693634450384,4.27781748175395,-13.0221470243314,-2.84067659400552,-4.10862831380105,-23.2283012820513,11.2543157051282,4.11868509615385,-74.8089543269231,-52.8182211538462,62.5566914242694,21.9648420456473,-85.8438374621683,-101.40588072998,18.6663877963972,72.7274535347246,-44.2469505368708,63.2871525706701,65.1436550286013,16.8211872540285,-1.11403137960923,-52.1254835357229,-37.2908035903864,-81.5187729468473,-59.4310794835765,-6.13905997830936,-9.65439827888925,29.7816925187259,-22.0057314927252,-1.15134579379111,8.46488865501487,3.58176924917034,21.5590743277154,0.301305295472375,-0.772089194771176,14.2067078934083,24.0001650121287,61.4050068813108,52.7221480610205,19.7650614445464,16.2280572645524,7.04106259041236,-6.34207489651042,133030.672275641,-2.61096394230769,42487.0795998873,64.0087411858974,87.7469264423077,73.7743556089744,62.0046584134615,49.4517766826923,45.2442946314103,65.0770780325444,47.6349825320513,47.956696474359,42.3941475961538,77.2878346955128,64.6392653044872,54.8228219551282,49.1023828525641,40.4856439102564,50.8493869720965,44.1992044871795,43.8461630608974,38.4529262019231,92.4889171474359,88.3643909455128,71.6655995192308,NA,NA,NA,NA,NA,NA,NA
"earn_OC5_NaceP-S",30728740.4832051,14.1288080866953,4.19925180852124,-14.1276903232861,-1.09222532126932,-3.10814425066109,-22.7134326923077,10.5874150641026,3.77752724358974,-68.8596842948718,-49.7764623397436,62.3489904730994,21.1273409878459,-79.6258048216464,-91.7234375258165,13.2668626738449,64.7283474960105,-42.5369033409258,62.5416908568789,72.9521862091795,17.8007506663017,-0.147550809318235,-49.2217345671271,-34.2369780516935,-77.2113600224114,-53.9013824565884,-5.98249088227063,-8.63936865237416,32.159952399577,-19.9030897485713,-1.4788961690502,7.80444421424596,2.680627320738,16.6030458154487,0.251045819748059,-0.487643225481477,14.1396569900252,22.8897656270098,52.7889935777276,50.7435104678426,17.7365071339241,13.0832677681964,8.45456894707383,-5.81050256192951,111530.856570513,-3.59057532051282,40251.3695407157,66.2865200320513,82.9286305288462,69.0119201121795,57.8678025641026,46.6568819711539,43.1779615384615,65.7984781311637,45.5890639423077,46.1097121794872,40.5748553685897,71.3138206730769,59.9063053685897,50.9457744391026,45.3508877403846,38.4426988782051,48.5398505907491,41.5830498397436,41.5464679487179,36.5387926282051,84.6817299679487,77.4087248397436,64.0132825320513,56.2250237179487,NA,NA,NA,NA,NA,NA
"earn_OC6_NaceP-S",75603754.8652395,10.9536676543665,5.39248771123673,-21.9679106349976,4.00480373577258,1.61695153362174,-24.9511635416667,1.05076145833333,3.27557395833333,-75.4839291666667,-59.3626614583334,76.9980225317106,9.14842890093117,-69.1990285446786,-71.7895061142971,-10.5829922961914,58.7845807976605,-35.4590122911756,73.4752105093368,117.902462699427,37.5958202933013,6.54205415738627,-47.3102354614827,-32.1187630297429,-74.641467875904,-46.2455149758422,-5.26806944514285,-6.73959569137611,33.9956429826698,-24.7601300142874,-2.68111480837906,7.04686638050392,0.392019816669552,4.8913847556697,0.516562690679689,1.30714329376309,17.362733051651,23.6625002110961,46.4434761421787,59.4447266007347,12.5194829071553,5.52556535331994,10.0529926240902,-8.99707112464218,76328.1447916667,-6.37491145833333,34901.74375,95.328428125,78.7629978125,67.0821702083333,54.4944991666667,46.0318128125,40.5025536458333,55.481462479968,45.8028844791667,45.9889895833333,40.1677530208333,67.0566485416667,54.2590844791667,46.9593398958333,40.7670692708333,37.2510926041667,40.4400458333333,38.9013541666667,40.1791677083333,34.9589717708333,68.0299817708333,54.354626875,48.2421761458333,44.431068125,45.2467960416667,NA,NA,NA,NA,NA
"earn_OC7_NaceP-S",49656413.0994876,16.166669418582,4.11299427740504,-18.057210048103,0.350452387358947,-2.57290603524294,-24.3788276397516,16.3417189440994,3.72354813664596,-68.5120310559006,-49.4866397515528,53.448144620595,18.5146824190453,-72.2381918355467,-85.8157888256889,14.2958285741817,60.7825003852104,-44.0446351005839,68.3042349757882,92.1067045901478,20.3834375630035,4.33399753824657,-46.9172753688315,-33.0318875916159,-75.4332666052546,-48.6471959064483,-8.02950768318497,-7.44721157051224,45.456952294761,-16.5853823582991,-1.50127583703652,7.7492631580494,2.30937882008457,9.17181675567645,0.335165385140781,-0.0730823405419144,14.949787603229,23.0937606657392,40.7803943460019,52.396782331195,15.5319100546778,7.79159478696813,11.4429827616907,-4.58957197182447,83979.8354037267,-3.60098654244306,36697.1604554865,71.6443229813665,82.1975232919254,71.0115546583851,58.7371782608696,47.4718145962733,45.2068673913043,64.8513548216277,47.8662476708074,48.7191630434783,42.3615065217391,66.6969953416149,62.1251136645963,51.2811706521739,44.7426305900621,39.5490801242236,52.1304969650469,43.9284953416149,43.3512763975155,37.6293439440994,82.1563829192546,70.4858245341615,59.5885916149068,53.6842965838509,51.8404226708074,52.1359840398551,NA,NA,NA,NA
"earn_OC8_NaceP-S",51901327.7053209,10.7660900248412,3.5526757124682,-15.0942995455803,1.57393794653248,-0.798404138261566,-20.0870300207039,9.50415942028985,2.95941718426501,-54.8938405797101,-41.490365942029,51.587216061208,17.168714986664,-61.3699049526907,-66.9540216807129,6.88942253185719,45.6778182350726,-36.2082244454299,56.6360252400057,79.9117024650856,18.2921971514608,1.52205407533195,-37.5793226178596,-27.5428519239265,-61.7660006364066,-39.457647164425,-5.08561223097493,-5.96040940368932,32.398509193948,-14.4020372933972,-1.56633328261752,5.94495527631888,1.47287456655368,6.87255555673849,0.288745926247139,0.0762911710484502,12.7069197876683,19.3603366080412,35.4718174342219,43.6010051250205,12.4385124537656,6.60799303757438,9.47266323180423,-4.59673892390739,65843.3234989648,-4.87820082815735,31009.6128364389,62.470501552795,69.0139625776397,57.5375272774327,47.3519877846791,38.7873467391304,36.2805435817805,55.5162878344482,38.7908536231884,39.294817805383,34.2470077122153,56.4070762939959,48.9851267598344,41.0259825569358,35.827742494824,32.0438396480331,44.3146442199488,34.4015405797101,34.1653097308489,30.3365594202899,66.4509019668737,54.1686673913043,46.5237320910973,41.8103465838509,41.0279000517598,43.9249502898551,40.6323093167702,NA,NA,NA
"earn_OC9_NaceP-S",34400416.2272676,12.8054910118224,3.18965242811764,-12.2937717371542,-1.23579496455822,-2.4655767382276,-17.756047275641,11.0918421474359,3.23465224358974,-58.3553405448718,-40.1237748397436,53.4685019601448,19.7809083322634,-69.82433323174,-82.0486974184216,12.6304203802828,56.8258094124134,-37.3811009049917,53.4406415125911,59.2211939139844,13.8416564250274,0.498734714708158,-42.1837464634186,-28.7282170116905,-67.5950632859655,-46.8891564853514,-5.7433432611613,-7.65845869940194,30.0046841391823,-16.4166758469517,-1.23324377839271,6.72370006358332,2.21340383939513,14.1970393175832,0.155208096516291,-0.414232210754064,11.9188166909327,19.7513924815794,44.3564363153936,42.9038852507769,15.877102892672,11.4515993458935,8.17086308255618,-4.09216131569324,96084.6794871795,-2.47011698717949,33942.5801634263,55.5503221153846,71.2946055288461,59.4170690705128,49.8261306891026,40.0466975961538,37.1315782051282,55.8851855029586,39.278144150641,39.6116080128205,34.9381678685897,60.6064321314103,51.9478689102564,44.0281202724359,39.0446544070513,33.0703749198718,41.7957024698341,36.0812477564103,36.0636919070513,31.4707051282051,73.0172039262821,67.9111425480769,55.2256044070513,48.6232747596154,44.9578381410256,46.1027276602564,46.533875848065,36.593073833413,NA,NA
"expend_ED5-8",-2270871.16860766,0.892240036314281,0.831332634651886,-1.70810690525661,0.188163583343702,-0.203629349053256,-2.79424792960662,-0.324504658385093,0.339780538302278,-7.0308234989648,-5.99204296066253,4.68388048248124,0.989669722902044,-6.41623768514819,-6.83372882495578,1.57305988772121,5.60264796583918,-2.6343850528846,6.0628783265913,10.9187153340633,3.28633970662884,0.621419133708133,-4.52374306856051,-3.03519402676138,-5.93926628304511,-4.24077101879032,-0.195346572686201,-0.361227995069676,2.60953663187765,-1.71045581773646,0.0268287286003361,0.57857111136773,0.285454156670382,0.691152593593256,0.0867790488756756,0.080470903911385,1.93574223843217,1.79592426587735,4.259438216852,5.14509443187685,0.673806995088205,0.512905460251239,0.192095572360196,-1.10035056682195,6586.58385093168,-0.858380434782609,3452.62111801242,7.21089958592133,5.92353307453416,5.29716040372671,4.47269539337474,3.72826739130435,3.52411433747412,5.73288521460424,3.67551423395445,3.87082919254658,3.31994560041408,5.69174466873706,4.41543850931677,3.91711211180124,3.49384554865425,3.06374968944099,4.07047775362319,3.2511798136646,3.31906940993789,2.90549761904762,6.08198291925466,4.80498700828157,4.47233799171843,3.96500460662526,3.94207468944099,4.8097569384058,4.01741304347826,3.3905683747412,3.2471882505176,NA
