"","X1vsX2","X1vsX3","X1vsX4","X1vsX5","X1vsX6","X1vsX7","X1vsX8","X1vsX9","X1vsX10","X2vsX3","X2vsX4","X2vsX5","X2vsX6","X2vsX7","X2vsX8","X2vsX9","X2vsX10","X3vsX4","X3vsX5","X3vsX6","X3vsX7","X3vsX8","X3vsX9","X3vsX10","X4vsX5","X4vsX6","X4vsX7","X4vsX8","X4vsX9","X4vsX10","X5vsX6","X5vsX7","X5vsX8","X5vsX9","X5vsX10","X6vsX7","X6vsX8","X6vsX9","X6vsX10","X7vsX8","X7vsX9","X7vsX10","X8vsX9","X8vsX10","X9vsX10"
"pop_Total",0.367361533410539,0.851058792874701,7.08551638665124e-05,0.317369513020524,0.408864843518964,0.633962174696887,0.00125913174039282,0.922976852741506,0.495580714822267,0.476993636821094,0.000197605264677834,0.937065951879584,0.726900146370708,0.735017978762431,0.00356118040583482,0.583317192868003,0.353820088300965,0.000369180970163679,0.408596800374683,0.516161386428603,0.719642574058845,0.0045606133267462,0.803727493511667,0.383106397019818,9.44355060532235e-05,0.0034500901034632,0.00316821152680532,0.147080300750914,0.0243626953923052,0.0217026466217726,0.685942238853863,0.708622140771025,0.00171107967612394,0.480568237608221,0.234346222196693,0.687939459130817,0.04001751111354,0.683148628790873,0.554634204959161,0.0280309005577017,0.697064686334094,0.4380308191642,0.157156303504144,0.145582333218633,NA
"pop_Y0-14",0.287088587635572,0.553595523930642,0.574736339817383,0.0883565336960946,0.53459456370097,0.480940918507121,0.430795521906704,0.0228203420468266,0.438390924358155,0.454647315612108,0.258238060726149,0.00124828051623965,0.406429611326893,0.850988148386183,0.939004639134135,0.00283552851957089,0.0713904410786053,0.426952092962359,0.000809698139505424,0.927999698756489,0.399220450592651,0.49062331193413,0.00347168438563229,0.0463766238677102,0.760377762299918,0.35933956723939,0.475256471623611,0.448560678879835,0.236777377328829,0.919049858299734,0.00127446940985516,0.00111893984597509,0.00756785914625361,0.000946302699132282,0.866239561373865,0.518590632949952,0.466544334964939,0.00161623997502975,0.0642921865412299,0.823468665985041,0.0102229790396991,0.0350225605662435,0.0950288589282231,0.289730597689968,NA
"pop_Y15-24",0.0572530381734998,0.135981342088479,0.292430542400377,0.611013253615665,0.316488715192418,0.136154274884405,0.0237228137366311,0.363280708230882,0.608869910101208,0.885868107750932,0.401171050755336,0.0184488840889327,0.389824414249968,0.745747733885943,0.0356803792464749,0.825361646960936,0.341382471989508,0.519054622409082,0.10901963384519,0.471517977180739,0.930290785795336,0.252070975228421,0.868989624016543,0.60672265614424,0.278701914116422,0.938675916821646,0.442982031209684,0.0688284117615015,0.767103413397089,0.848950656174618,0.394108102371019,0.0445261236334856,0.000840234399610636,0.102036545694955,0.433639336593528,0.437349975591382,0.0768451543408325,0.755373358714324,0.902501524266203,0.183697485562869,0.785874451491689,0.525616254781867,0.0423083077919805,0.030688119199037,NA
"pop_Y25-64",0.113830537160651,0.0104921116260339,0.167570700224279,0.01182095990255,0.674544309140296,0.990682400511093,0.339245536930271,0.547016588727691,0.156091642119177,0.0274029827508942,0.0326974811418452,0.00094337152606167,0.454983352289572,0.108506687954625,0.931058805206643,0.0873761144422191,0.274859620125542,0.0169913805027036,0.000636365968700341,0.068829430146596,0.0201240864003319,0.156896069271071,0.0562536938628749,0.526616091410481,0.472182035654803,0.161314199741917,0.300046643048981,0.172018948739944,0.6946994520925,0.210971946121099,0.0207947835256862,0.0311071463594602,0.0207579242798853,0.213343014988663,0.026075117379335,0.754905998302983,0.66745896253209,0.559909988583068,0.416404344138549,0.420448749862158,0.388518041737451,0.159319707614298,0.48084445379435,0.642026311332143,NA
"pop_Y65-74",0.47520911405901,0.831740881971472,0.798870133006872,0.108013866394854,0.781616367928742,0.666459738662001,0.771928304551838,0.193282752095716,0.210910228149774,0.394065619017501,0.634987935739807,0.28997647153368,0.276977105108629,0.828222476162091,0.793240154006239,0.0807526913966362,0.0884871986458806,0.660512839650071,0.0956593763159279,0.993573415905207,0.56766631165005,0.682001132068807,0.315498892667016,0.336805236738047,0.11351811115389,0.556419239161743,0.791410581493073,0.919244274046774,0.141229404278584,0.152224193267111,0.0341964083991977,0.0935773829244732,0.25527609075737,0.00762196379163638,0.00838110125050062,0.416759001059688,0.575258437383671,0.150113029705984,0.16716991816269,0.932277890476298,0.0391008616089961,0.0408488938608289,0.354381088060928,0.367475189186363,NA
"pop_YGE75",0.429827805439042,0.563531529542478,0.154167109898209,0.57139987832532,0.257773143078237,0.147379559301525,0.0877612030200919,0.241329478115116,0.617041967327667,0.156157975765496,0.200392217446308,0.70010435121989,0.497553942381478,0.128207592667181,0.0504848412728308,0.0311780078550505,0.139617008064279,0.0903580555980142,0.212620862389267,0.127855722997286,0.113697844615153,0.0728976363160091,0.425625979509732,0.910464894822508,0.137836306922328,0.614391501742345,0.692268363256361,0.44183500990069,0.0971094623158273,0.19606789427961,0.357468082638816,0.0954483437939823,0.0373354190916589,0.0358672836009127,0.175144604093616,0.425262459582573,0.251380230060908,0.0909511707224132,0.24139723562722,0.765786142963751,0.230825455020235,0.322796119449819,0.170123495686263,0.234160582652941,NA
"ARPR",0.0357382209915088,0.0868769475073576,0.590915657543718,0.0575649137629583,0.00654491342665899,0.00531587153632927,0.00559625882846134,0.235649137356027,0.235649137356027,0.0271501784247943,0.110599500818591,0.0126996649642043,0.562523621334466,0.994261277676403,0.994275087153916,0.421646399723265,0.421646399723265,0.139109700659075,0.687219860245718,0.00774093784167546,0.0260696683636478,0.0262773224586797,0.276817314035443,0.276817314035443,0.0977500694680995,0.0556331042437381,0.0640058160288689,0.0643172702005646,0.761238349204199,0.761238349204199,0.00210597998911875,0.00529315662146301,0.00541277611476869,0.13619017713993,0.13619017713993,0.45431684560951,0.443342593194464,0.272339050403001,0.272339050403001,0.981824189357809,0.313994410614073,0.313994410614073,0.320660779945945,0.320660779945945,NA
"low_work",0.828533243189029,0.10987134924683,0.903407208890326,0.467054502901758,0.305243896141284,0.0672645278539621,0.189429463090371,0.0372052673483419,0.19333267890093,0.153218383295202,0.91097393269662,0.607072720507526,0.411497608738078,0.0543620292272679,0.155732558695834,0.0335285855624931,0.223414789160071,0.0432464999249317,0.300499506175256,0.4591587089012,0.00512620338546115,0.0404018553295728,0.00524444929023403,0.213894720124744,0.499766778746032,0.312069191187323,0.0326026032696299,0.15649242968659,0.024806961112469,0.112796764589803,0.743754501837151,0.0283076227580231,0.0904888181168167,0.0221288189601744,0.287306204775209,0.0192734988656515,0.0654002768134247,0.0172858634103934,0.341549479552677,0.707404090543498,0.250803051768314,0.13437925844546,0.388119336980719,0.299950093345744,NA
"rooms_pp",0.000904354632639902,0.017970785317369,0.411199794948362,0.483249000808217,0.0305692396797781,0.0144576226827872,0.262946126548836,0.937599314669587,0.937599314669587,0.130885263210209,9.82232315384127e-05,8.68273062216567e-06,0.0602555691796047,0.764805599024978,0.0360554587346407,0.00383011098882791,0.00383011098882791,0.0160109657045456,0.0035612680335935,0.558110127413821,0.333886986108557,0.28268303811781,0.109129193625252,0.109129193625252,0.352413195201911,0.0607848180699374,0.00124392314960565,0.408461218285407,0.12961172022151,0.12961172022151,0.0196440368722637,0.000115829930601362,0.226613638054206,0.111367154714084,0.111367154714084,0.209436630637085,0.469559170083679,0.159934741841282,0.159934741841282,0.188892894346187,0.0646391738271508,0.0646391738271508,0.567241382615255,0.567241382615255,NA
"mat_depriv",0.00473516082626391,0.733901168009866,0.353996524914981,0.0484785460640679,0.661796502715892,0.116243466584291,0.906793268209209,0.941163896900087,0.276479110743537,0.00394966280323966,0.00234121999737444,0.000228809449553578,0.00330166574804627,0.185323433940955,0.0234275189558899,0.0764129142827248,0.0332504794118658,0.21763773193691,0.00600876293007318,0.275453426011224,0.0510696832192179,0.512829612611018,0.787474428978887,0.099879809723129,0.0221221321690683,0.068594474810134,0.0289736156109986,0.167336096925386,0.25151881143488,0.122022359987467,0.00323922531896496,0.00364660448586679,0.0139264179415624,0.0214663100495417,0.48099213278829,0.082808087253861,0.765745110901257,0.633287809431571,0.0812505526440182,0.199213442245405,0.392086601259417,0.244315691095436,0.84777994667443,0.290158167641569,NA
"ARPR_socexcl",0.00374308233897363,0.10064008821122,0.496563572622731,0.0185660426948651,0.115056278610977,0.0439048220569533,0.0936592131920354,0.329436251299361,0.39733774865405,0.00181994355604625,0.00420050350744607,0.000175562576126488,0.00623828599220193,0.423803313779063,0.0971828470963049,0.188737572728236,0.0442110599484656,0.23879808339529,0.634200120925346,0.00291063034518032,0.020277185521444,0.0147218341004132,0.0988485080660452,0.762440975381486,0.0391392548492593,0.0195589748028547,0.038246734179988,0.0368005312741385,0.1877337462102,0.591645464045603,1.33515813774454e-05,0.00179542146227454,2.5002213722178e-05,0.000583363868198586,0.0695293472427875,0.0507042432822673,0.0789794279653083,0.495220504560302,0.014772879465454,0.367835338105833,0.537875057590976,0.255883050811606,0.354945767605597,0.0507839030479063,NA
"emp_Y15-24_ED0-2",0.718645251175907,0.148111807074325,0.964176711385665,0.123555957778775,0.722424991212243,0.303252206838413,0.21627400123909,0.345741951576315,0.176490549779249,0.352738667201821,0.754335060283749,0.101552324787954,0.982327894217926,0.517716058050548,0.210406556415806,0.569133768528309,0.218230641398301,0.282796043124845,0.0335133846689933,0.411338629799573,0.944405615697956,0.0661119921655702,0.956774594493348,0.0704366587306615,0.234114466367499,0.75634172871358,0.452761201526566,0.393077266392023,0.545242961177438,0.395052824063726,0.115041575838916,0.0979221429855753,0.867220911981635,0.188237195941026,0.851681770058194,0.566378115342727,0.242851068373053,0.622662143359231,0.261729499724373,0.203859784599561,0.952700562281619,0.313647306824683,0.356536043868421,0.788424322188742,NA
"emp_Y25-64_ED0-2",0.263953778675684,0.124048990365419,0.386730474074512,0.297072690036659,0.658176919595873,0.732724854797947,0.43829714460129,0.629203043147608,0.644741861517001,0.152726232787406,0.751272192738793,0.754006659978809,0.751570495383282,0.447959036525517,0.0132672400986017,0.893657823103029,0.849300117971886,0.0539835041439314,0.0325951322753747,0.461900039127543,0.144316488025626,0.00192453043095831,0.178411144619649,0.164475599056389,0.946235712744752,0.861870713213104,0.565647798194036,0.00949429704398257,0.941879543232069,0.993492486571179,0.82237281874413,0.468153136560668,0.00275978594564483,0.968618118901975,0.955428492479862,0.924461613373934,0.39075277642583,0.916873602426094,0.929391076737515,0.208512844059244,0.790789600582951,0.809112922334229,0.0608745579999198,0.0622735215805382,NA
"emp_Y15-24_ED3-4",0.0172924469969276,0.000609205033683552,0.0214102561690025,0.528098207587497,0.10032200211177,0.0437662823578948,0.943906517621247,0.102567536429644,0.455785043877288,0.094260516563301,0.171504652982919,0.195777291763462,0.551987580383273,0.532515868378819,0.280487715353061,0.487809033044379,0.169520262887052,0.00652447351311812,0.030266647309045,0.0618053250906063,0.593221696025972,0.137545581154909,0.117718955797809,0.058627413666239,0.753727569449146,0.546584449648895,0.186654906158963,0.618817171874504,0.807191336078623,0.0716181747701818,0.448490304098021,0.203876847616595,0.742684461475834,0.832087695074183,0.648261609983185,0.363333288125225,0.441667400400395,0.793398505885199,0.343556472096958,0.400845522437046,0.606242671442514,0.441317778189927,0.836001114864423,0.961907049470046,NA
"emp_Y25-64_ED3-4",0.0149330403303524,0.0173835914602874,0.376773959412683,0.472553118761565,0.451278600020479,0.361871373705629,0.717411045859206,0.809236370760438,0.687007433328052,0.123130319746084,0.109549570340175,4.50166873451346e-05,0.22054412533333,0.323838027575182,0.036010021412763,0.00300688538602072,0.00227557709260581,0.0810479199807948,0.00371325764057533,0.119874174009464,0.223557131473121,0.0657028578630677,0.100887315185589,0.0894538083916969,0.505704902116979,0.976520117654371,0.824722510850984,0.380345442274756,0.467818586467542,0.399570628368951,0.673306393366286,0.38664406786316,0.312534916256388,0.0291589027944027,0.014538883263808,0.830004270726602,0.438108268248075,0.581100223370086,0.512823196878299,0.447570857033808,0.595738495851561,0.550915968579872,0.968017606509592,0.963412159187875,NA
"emp_Y15-24_ED5-8",0.0681668574930532,0.0295289999384788,0.403242124940334,0.0174693660020301,0.211822695750036,0.186759224052965,0.351653711212999,0.969895249805784,0.308583692331217,0.129553496913498,0.473218708392037,0.167845473920725,0.262010541490649,0.980503106734413,0.771825522110438,0.106170879958858,0.839441471441674,0.199197490314036,0.826173630366665,0.0252266774958734,0.177370984280038,0.379374131321141,0.00349391095436745,0.0603893637196922,0.164708168460447,0.94915204960843,0.620363897077006,0.827624300093368,0.617062808364996,0.691576300546489,0.0270243155831219,0.266508832699131,0.347757217183927,0.0243425214946715,0.446189876864999,0.37561483664373,0.76923242573035,0.252771930122113,0.401887945573435,0.847419568650062,0.310175451763717,0.896805288609158,0.648907916499902,0.873893251253726,NA
"emp_Y25-64_ED5-8",0.174006408493405,0.148837976485739,0.991344048620892,0.450387876696547,0.8146196328829,0.419867869979413,0.587035767735495,0.444314051563636,0.296181085441872,0.738532067545074,0.149393695964957,0.0149044117228575,0.216563109326927,0.693458712949205,0.727370210245152,0.0962610416102897,0.0611704784153148,0.115942136088455,0.00937975248346585,0.1691552282013,0.484624189374269,0.636340370263504,0.101768042869846,0.0737751218825281,0.371474376060335,0.79914105163029,0.340161399663338,0.593743417721856,0.382563478491039,0.251086617049072,0.262488711853362,0.0362510385797959,0.249561681299495,0.294569491718569,0.109402427154574,0.48331769347711,0.66953504060847,0.329834521008917,0.209096277297277,0.948943158152393,0.227856662595925,0.184489342744627,0.577304895581713,0.502365447345543,NA
"emp_TF",0.00264770448677277,0.00568099925876753,0.32996729241296,0.968423818692798,0.0109401711098424,0.363389186986584,0.0743218756906658,0.724417950929964,0.376451755279234,0.280910011717305,0.00549223762608926,0.1900884189163,0.634563110935899,0.0147963007697572,0.00143956945960808,0.0269381390168329,0.110288676700731,0.0152454268475115,0.166411659578292,0.694111747581801,0.036815428632671,0.011054702782246,0.10264317373559,0.2028199906241,0.812043499667297,0.0381269731229792,0.194482443547232,0.0129490535735121,0.190088575371494,0.499840147710634,0.160643086525555,0.709726730010034,0.548827033209559,0.91589665510953,0.827867598210556,0.0368770378207318,0.0136665027343954,0.125703515575229,0.291785417025186,0.670756519111032,0.813001271249658,0.516144928005797,0.294620211845772,0.149826137159189,NA
"emp_TP",0.0137678755802574,0.0426868952180303,0.351113586383194,0.238490748215538,0.0387712007708394,0.0669114153310934,0.358729407635314,0.763691313046908,0.879388117023542,0.620228740534752,0.00349550091791791,0.0227795043832432,0.112538697380148,0.930438702160635,0.0258857459050567,0.0158421180202193,0.0338593407096948,0.0137217633908594,0.0573769377164852,0.312552760273761,0.595150640499578,0.0685710973334108,0.0512785979574495,0.0899638754401648,0.571951207358746,0.00671587456974075,0.031565513300098,0.112137564312887,0.747139946570565,0.467428503461218,0.0385049112758842,0.106681563886914,0.228916260903758,0.655176159694953,0.52639549094447,0.112660602003722,0.0720233636550185,0.0155103632687555,0.042119780989031,0.024874128684861,0.0623489832609914,0.0824260406393059,0.116624011183327,0.218255944624185,NA
"emp_Y15-24",0.194788102727616,0.305311633397888,0.716017109265129,0.168552484446518,0.302099300260922,0.152967847844321,0.158665286703402,0.706356672868338,0.380487775461409,0.714633121946071,0.0481615748353764,0.00243575869009299,0.46968694686024,0.0907175722024268,0.0834567828290533,0.449033494571788,0.348657122676727,0.0940359307535465,0.00709683617651953,0.682252641705201,0.04732296801945,0.025562275005693,0.432272709125056,0.177279312956631,0.24997091846339,0.0838548274720074,0.0640996706815559,0.0631832971331369,0.476361383504147,0.234036938714052,0.00426350944899793,0.00805969301388734,0.00769809590476657,0.129937873125171,0.0531365785581266,0.0481818151723099,0.0424026950607525,0.74154136944351,0.217668407318244,0.858839804993932,0.222982534303213,0.659188686996065,0.0461837889986662,0.242783329752119,NA
"emp_Y25-64",0.791213301973661,0.488326125670909,0.120124510585884,0.0247993630616863,0.535944476521551,0.0328153899880558,0.058805184157701,0.799921278713078,0.4473988072825,0.254130882289479,0.0387817397799435,0.0060995796696306,0.349792234922265,0.0101163487773964,0.00599500720818136,0.775557716656674,0.111981817851364,0.358569147787663,0.107026896666027,0.957640052334964,0.0383849989831881,0.0461409029742453,0.535274944786377,0.772795276540355,0.468099916797806,0.347582516919078,0.02231846858246,0.0233381589600024,0.287481957212912,0.726757955961493,0.10012113042031,0.00495806362277607,0.00535834399047504,0.117379440450125,0.386554525746608,0.0335590233894264,0.0582924015327104,0.59504062705002,0.773498733181645,0.377676679712106,0.312912861927592,0.217627533970073,0.0418610883750565,0.0236123199000135,NA
"emp_YGE65",0.616020273352004,0.922581158737084,0.573409081183589,0.0543060460425331,0.118748824672968,0.216203675203067,0.215419785801083,0.0710165737291494,0.615235620450352,0.641770959927743,0.968573229791859,0.494142381044207,0.401765282452051,0.36621425683485,0.347524845801293,0.423949350248141,0.652881109795099,0.615409443738473,0.11054825588592,0.181533751606305,0.41512016186985,0.400525030470289,0.196851322903465,0.778973384603592,0.517991404489533,0.451164183581816,0.348875925636812,0.336885591492981,0.462476012809935,0.649578924434803,0.671415925798618,0.0145083501918406,0.0192826023496286,0.215503598058936,0.105640816166143,0.106779725379107,0.104203481823879,0.688287097703025,0.322705475694238,0.866869553338579,0.0402337207468195,0.318269384009851,0.149527150922272,0.663363010827124,NA
"emp_Y15-24_NaceA",0.311324243525159,0.493928487002181,0.260087938315129,0.515287407333179,0.15373123002261,0.0737506176980457,0.631540146144795,0.963999852390013,NA,0.500411617812176,0.2452010120783,0.20010347642607,0.36298881329283,0.719907692247344,0.462012316742984,0.595333359911999,NA,0.301296394888134,0.300762895247652,0.882599308094756,0.670116036019834,0.695558702524361,0.742287327776573,NA,0.092476921346773,0.0169275752355051,0.0155968558570511,0.0458681132341456,0.0957816876696139,NA,0.017871983062028,0.00669611287940059,0.0789382578746408,0.276061990215272,NA,0.178481284012557,0.344281684311455,0.345849298916197,NA,0.150836789021647,0.340818290394161,NA,0.703984805012916,NA,NA
"emp_Y25-64_NaceA",0.129481732023225,0.269957641015962,0.442814369160298,0.851286633304266,0.0437431896615795,0.0106216593778967,0.403766129267554,0.32595194763224,0.510334091451842,0.304324555744639,0.155940827283009,0.119357761082074,0.521747816737699,0.98762864534243,0.366126213619643,0.598943000477861,0.419477665323469,0.129602938995118,0.171171415724944,0.251283579832464,0.0731489726891355,0.727557382805646,0.913466366992912,0.350680176768924,0.39512678817196,0.0395621808973587,0.0140914394608271,0.068583014836795,0.104902065320914,0.700015482238529,0.0306016214956488,0.00547260286716268,0.164791908098455,0.134058594453878,0.380004546463594,0.301393076617164,0.227931094829983,0.535455092357449,0.202609330623616,0.0854202335413093,0.354196867699296,0.238567437179445,0.347090258201844,0.147503928468867,NA
"emp_Y15-24_NaceB-E",0.127976271655504,0.0143508858809783,0.869321675519552,0.0943789472909939,0.0595763387411837,0.892566681929626,0.777734908604519,0.515429960311774,0.258967404518411,0.0816187942727976,0.25553314141973,0.00742001529983808,0.76536306537085,0.373299873173877,0.384922212561737,0.185977596340886,0.105979128546263,0.0456243097958367,0.00224561735947829,0.0858951543253937,0.114363934604244,0.104405206681342,0.136749109272427,0.105683251489566,0.131082744870817,0.149159861528921,0.995411654928078,0.913396504311194,0.586151650918492,0.376998808278612,0.0019741913396296,0.227659145665106,0.12972519847447,0.641375954166953,0.476563687216285,0.254443158531649,0.245905241735884,0.0974202938143971,0.0526633532876949,0.941749077661561,0.741975177835273,0.590802732309926,0.646635207349111,0.492147149095884,NA
"emp_Y25-64_NaceB-E",0.0236685424881082,0.00154703670276028,0.578206810772448,0.743790003191145,0.0272276174173112,0.671126021032682,0.355513518210083,0.790250616466784,0.109039885331325,0.0730979671897406,0.150915409228333,0.00967222759671571,0.551103855321052,0.239207035457397,0.292481255894661,0.14455452194996,0.0382112827096422,0.0229277555551989,0.000299395145294877,0.0130131426067753,0.0631197297582652,0.0416392327077253,0.0286113785214306,0.0133071026712591,0.406512540738414,0.21151652367764,0.98831080918252,0.775769742878846,0.675260335971345,0.238254235363845,0.00747883861365969,0.516644301366192,0.197207827180105,0.873301520409011,0.0460905715447402,0.303082151583482,0.38465864895463,0.103683019765287,0.0195582771309415,0.824422759857676,0.799624214628396,0.458749389526553,0.591861350575154,0.300651302274069,NA
"emp_Y15-24_NaceF",0.968333393551508,0.639541155369794,0.883706769185422,0.453337176398118,0.744725288475239,0.416201461116933,0.51928930165604,0.39338632461122,0.929815612558362,0.303517146772359,0.696776045820856,0.241028409362483,0.568712306164999,0.10767046796569,0.233092764653143,0.0885367802674234,0.794982399187743,0.448237898854103,0.691730989429335,0.802768107062989,0.294525988105547,0.577277649639783,0.156101183051816,0.64124830627083,0.393957177997773,0.796722463382413,0.139010513168177,0.337393189971048,0.0986046870673477,0.972949520604129,0.557844233756121,0.696931802265371,0.884598700632805,0.450735037012667,0.646089869333281,0.369725935745099,0.537463961423999,0.277553799219073,0.900825839965204,0.834299762560919,0.53775495699291,0.427701090527417,0.624690087239945,0.672640609766288,NA
"emp_Y25-64_NaceF",0.842416884866666,0.533836997765771,0.497724121836792,0.0648321781353605,0.471482162943782,0.128860084852084,0.162531958228495,0.218149865936791,0.0399205825927246,0.615070376878668,0.432165245325898,0.0634217073075393,0.577082540989555,0.128153853758638,0.171036677613612,0.242931118930954,0.053258325569428,0.412188908680577,0.134321861375207,0.938317133829082,0.244461267657893,0.324944042616546,0.470041873506303,0.250933643526684,0.165294105613713,0.302530155625169,0.24835661292468,0.262998186610497,0.261784161071341,0.0513124793425175,0.0626639945239686,0.507401668066918,0.897798067214172,0.83581673674868,0.0965344464667828,0.132738669647867,0.191429996534187,0.30073372327127,0.103956759673517,0.628191693503987,0.856279509946532,0.687812444748625,0.79181302301303,0.235956075525287,NA
"emp_Y15-24_NaceG-I",0.351787929470857,0.245346578645873,0.511974200959092,0.459568608413097,0.856219364918565,0.421812774184517,0.32698871910088,0.240006062325857,0.269305940616441,0.975993827589154,0.749869236109491,0.128785088919702,0.318430168431833,0.199250970242946,0.148583036521953,0.171216996612597,0.632732753024281,0.611200997465714,0.0599504433919693,0.0595617610864842,0.100529895239523,0.0170212394090363,0.0317339295694411,0.260419806291904,0.182134239309547,0.430015752570015,0.239511543083384,0.137296189436105,0.167077101614807,0.426407064466886,0.239651103088065,0.748574893052313,0.654528510766873,0.343423772599201,0.130732850329235,0.197687502675235,0.0437368631212872,0.0273591574105468,0.0464469120058401,0.968552412685582,0.676594196847018,0.358618367997806,0.331584954958103,0.118792882911305,NA
"emp_Y25-64_NaceG-I",0.920192326345096,0.106849320441709,0.0732503353179311,0.00565503039476482,0.725624112190553,0.24633049375393,0.679088550659067,0.768140847941078,0.0529632773061531,0.169109280618136,0.122814856064271,0.0124691985438374,0.834075695273173,0.267096622565978,0.655379022325851,0.841592535140958,0.0782368615188405,0.589388456502788,0.00724930786910545,0.0976653231124815,0.0193549835089445,0.0931923611864113,0.18542106795749,0.0342506256249004,0.00574798154829296,0.0586569121496646,0.0129011849767079,0.0682530590743547,0.0767399066878352,0.0191463794071033,0.00275839664359254,0.000992418889656164,0.00789572763063991,0.00361179828209919,0.00824578617564357,0.112612923910128,0.44986601010832,0.887989933835332,0.0314603689659289,0.541584371435562,0.374671681596049,0.13506038870566,0.683301115443907,0.220932430308424,NA
"emp_Y15-24_NaceJ",0.643158122768839,0.278237225279494,0.453115996310844,0.19487221704312,0.8581576740822,0.32118234511957,0.429641121312956,0.926798749895841,NA,0.459620825887881,0.790391813901901,0.377811178498258,0.664564966688816,0.420702169525964,0.604588233839965,0.828681464854781,NA,0.199705710742421,0.980390065233549,0.0262003267215795,0.634313412073338,0.896143891212181,0.206203298993644,NA,0.148688621612837,0.0135469268811543,0.19542475327683,0.405540605760353,0.0646439433691208,NA,0.0124508336969888,0.582701749607472,0.862713269031068,0.122603480227715,NA,0.0622234652068334,0.0942998458474948,0.956865931185738,NA,0.676194474019504,0.414775755368667,NA,0.466992258512223,NA,NA
"emp_Y25-64_NaceJ",0.0473527269070249,0.705749864621224,0.694717993596953,0.0243557272794348,0.187665397808586,0.0783835560693894,0.264840684707223,0.030675735779589,0.0295432932818083,0.191995434515802,0.119465372316487,0.00415922044852179,0.847153864427955,0.907833499583091,0.40786319748727,0.0312780958043655,0.0305179907294244,0.610768589463119,0.0495849958423027,0.394322146008473,0.318908258392461,0.643639869434737,0.143460855920781,0.140468536296942,0.169120100779686,0.238093598425563,0.26536893098716,0.448109484427985,0.32398867672009,0.317908612847285,0.0158569134107281,0.0244304121207588,0.0441373935057988,0.643154655763293,0.625014177537014,0.946227509617054,0.679338182808794,0.107675055490096,0.105452017093137,0.466630640492899,0.139199075412047,0.137894693503757,0.1475276865595,0.145903100195758,NA
"emp_Y15-24_NaceK",0.464433293559917,0.467985610465996,0.992910989342519,0.0803486914502505,0.601126504226189,NA,0.182667026907552,0.966220656812261,NA,0.32579910756287,0.110998817327799,0.829148879518887,NA,NA,0.184442946552535,NA,NA,0.0995383681455451,0.0561962242031934,0.771156094817333,NA,0.0419194456807665,0.209427031061502,NA,0.00282265251410214,0.201113276699327,NA,0.0134575706141195,0.88588852086581,NA,0.198733969334754,NA,0.275653651729756,0.0157458728176706,NA,NA,0.0824940208963536,NA,NA,NA,NA,NA,0.0356514516421004,NA,NA
"emp_Y25-64_NaceK",0.00978235730590832,0.0485561258898787,0.317643581180229,0.0799946676093047,0.0106399648244266,0.124708627059263,0.150162808770962,0.700532639185899,0.00773787882390631,0.148457092175989,0.00457294626227909,0.107003092639052,0.875495113922856,0.12955728259344,0.071875692600007,0.00794626255755199,0.000165575849501323,0.0231186826138969,0.492393184440129,0.194983600641238,0.638148459910041,0.312451180255385,0.0192515362018536,0.00108328186272005,0.232142546658131,0.00915833452539969,0.0653173855521337,0.089492411663404,0.102407803897182,0.00261446441301434,0.112056762714617,0.714803200884668,0.892070473399931,0.101143426508992,0.00146848644047766,0.194287401160859,0.125324901296236,0.0176457529747643,0.000406477377938675,0.443684155155959,0.0659297220875697,0.014850187022985,0.0384701064716079,0.00820560205324152,NA
"emp_Y15-24_NaceL",NA,NA,NA,NA,NA,NA,NA,NA,NA,NA,NA,NA,NA,NA,NA,NA,NA,0.826026969276374,0.988648567869698,NA,NA,0.115509834083208,NA,NA,0.801090740275667,NA,NA,0.389318100200508,NA,NA,NA,NA,0.609176472319516,NA,NA,NA,NA,NA,NA,NA,NA,NA,NA,NA,NA
"emp_Y25-64_NaceL",0.685813944668327,0.97629114210779,0.208466450075175,0.0417896005249845,0.0739887737084554,0.0587970328522425,0.580478531731094,0.607445591612852,0.604376612154935,0.729630016063876,0.742934559757803,0.676439925110194,0.615866526242233,0.441930022139991,0.705195467196801,0.779780478146006,0.779083088802271,0.300116149837284,0.0925774024250605,0.134544413807027,0.16297613911026,0.72263236344251,0.750545686150797,0.74834475563995,0.999626348959653,0.881522878699075,0.147229792757104,0.312555971294849,0.491041933415547,0.490295531252634,0.823465909802013,0.0175933721242245,0.0662364195621973,0.169738074852115,0.16913357377858,0.0457596670068217,0.135363309812866,0.275408778250294,0.274715937252312,0.0965562360554271,0.366828861431487,0.367924328136701,0.296948720610284,0.289332007562864,NA
"emp_Y15-24_NaceM_N",0.0139691419507414,0.0138845375043295,0.266917719886525,0.82281519811779,0.296494413819275,0.0370031890589287,0.214196924072924,0.350721741697173,0.393383424908603,0.640121978841885,0.0281197088383648,0.0183344981274999,0.0373281457909872,0.502326973455857,0.131719844340814,0.350025835642915,0.296034637472961,0.00562815274315625,0.0169310891333338,0.0225554965705113,0.678135899620137,0.0262988727535992,0.141015916762416,0.118417920348738,0.361966864911781,0.930202565668267,0.0326113003094704,0.222386655497485,0.307289999020895,0.418959262515872,0.404768766253158,0.0425440967362751,0.267412209969503,0.399663470233098,0.449091570359691,0.0518164080851927,0.531728118981247,0.586447696511467,0.673818720442225,0.123743910422598,0.404615828431907,0.377932204092761,0.244353478042257,0.938567767460874,NA
"emp_Y25-64_NaceM_N",0.0102764904312716,0.0198858757641003,0.246636638260399,0.122459341802777,0.00829139654105036,0.0752551022564947,0.370705752444536,0.909713395886454,0.3302917319207,0.657237249391383,0.00683085291741504,0.00393019508688564,0.403905676917894,0.613348730448822,0.0143252791728934,0.105056815290623,0.0490534336889896,0.0130798538620967,0.0107518893700827,0.720673511538245,0.852753669844419,0.0152085951012558,0.119801131288149,0.0625273391112219,0.578962982632342,0.00376558365754091,0.056265973195844,0.746348720983314,0.555497778621284,0.873056609307519,0.00379733085637257,0.0422170296607427,0.476474878912012,0.449423383258845,0.832402677591685,0.98671692101054,0.00224105100509239,0.0337074221563247,0.0115266685605642,0.0825064034417322,0.374391624017717,0.268191959129139,0.145975694683201,0.166999795882181,NA
"emp_Y15-24_NaceO-Q",0.172191415552448,0.125322020938982,0.324079374554674,0.826990930075868,0.149982897641947,0.572009132681002,0.263218736763863,0.597751432408472,0.100225677179725,0.976309308540889,0.0411705833294427,0.0839790909022141,0.783995637985663,0.450096571190535,0.937142343743758,0.716336383208744,0.0519384307362429,0.0033605322475778,0.0211738997182307,0.698305861127378,0.0604542114385446,0.914603759210655,0.299609468257018,0.00773239686312421,0.23082155715269,0.00976149316005586,0.0347987747029487,0.0400667886017586,0.104970259485185,0.0540796307165105,0.0407735395131203,0.254878643379758,0.0961609471175933,0.319104885596483,0.0328325535885688,0.330691176262332,0.861528773366489,0.680405569553463,0.0126403956135387,0.38178607724314,0.406679937694404,0.0298920111736428,0.736601358590221,0.156559464017634,NA
"emp_Y25-64_NaceO-Q",0.0813647143468697,0.153190107403018,0.357566084331704,0.0658480589535604,0.144882468114824,0.281286840279424,0.221632644412054,0.94153598150276,0.536580559896848,0.49856414032175,0.0264055610875808,0.003721081830587,0.303533982100731,0.509319376230753,0.618576299156723,0.266509235892285,0.147211617907578,0.0195500049796497,0.00276635541270216,0.619412201228567,0.771498622262622,0.891438688953944,0.130418058926943,0.0571391723859908,0.25693549330936,0.0107084204697701,0.0548339548367731,0.0431771227742673,0.531245695944435,0.92067227744837,0.00105872253593357,0.0109397937512257,0.00856709168039227,0.188908260934649,0.498869107192525,0.873537169681627,0.53034702386235,0.0975134191989489,0.0270764589240611,0.589381575553377,0.186975080025752,0.114238156101697,0.138072412889056,0.088054817889767,NA
"emp_Y15-24_NaceR-U",0.214176105130253,0.120606174119309,0.904012311985022,0.544797080276215,0.184169341758974,0.813405574569346,0.0512758974411192,0.45064871102755,0.131386630592596,0.707115568677698,0.315615287974122,0.145125541764598,0.894922426004727,0.322855524344408,0.00969023079299086,0.142266422812655,0.0428760228140019,0.185367386482948,0.130062807881774,0.42417475250803,0.00596874411791978,0.000255604367572886,0.00605238589129314,0.0022555583046691,0.543333153128514,0.27566272377309,0.919623817957886,0.0762824061302983,0.485167362893023,0.195887347452853,0.135518825612137,0.544437206740176,0.287845289329232,0.852778284697654,0.412539514815074,0.168932286061485,0.00178774886490125,0.0507910467322484,0.0118430454058673,0.00681443223747569,0.100988027392279,0.0471588928696373,0.150765105103249,0.557957195227293,NA
"emp_Y25-64_NaceR-U",0.102271139801859,0.155869064241954,0.551634585965347,0.332327283739887,0.312855404918884,0.370380994274143,0.470400082164018,0.696502949152514,0.190407369351092,0.991305529143728,0.0124985201241328,0.02828705445507,0.253871410047267,0.392683011439519,0.0010691077737518,0.160133841165633,0.00187588522878841,0.00579149721523883,0.0199152081215051,0.300171595212674,0.345793104383074,0.000757350687057822,0.0862839371071755,0.00313616517667568,0.297448947424778,0.481991042117358,0.148401831114365,0.00318324676864985,0.597921842852162,0.00506136486002106,0.771628349675018,0.321829716241553,0.00174991223352139,0.813375273928469,0.00164918550623291,0.746729204397344,0.0376552903386502,0.824718522333854,0.0241555807752377,0.0288747675550046,0.601526928626945,0.0952511004660655,0.0563521895103792,0.0472458173974742,NA
"unemp_Y15-24",0.510727211793226,0.728788671456495,0.818273574780878,0.335868760740469,0.971713360515366,0.0445869463100941,0.0835811786508052,0.770645376059559,0.528750242211618,0.763154382714716,0.728808557360529,0.0354839740889384,0.427648962588984,0.000266302466589772,0.0203587031804348,0.0768839982242638,0.205979626991883,0.927528111436854,0.152032049698052,0.673478493635495,0.0178873535838071,0.0787507194460827,0.515847077950139,0.551935089221062,0.243510189751836,0.77757961448357,0.0469151256252736,0.107397880933681,0.674537540806952,0.635599666063606,0.313651983492428,0.0438677221612803,0.121241317462437,0.74248413111434,0.163671299200007,0.0307004034282457,0.0719390492690988,0.755298600971031,0.461857885346492,0.893738439514564,0.104093136517433,0.0642936026302397,0.499192423374877,0.359813509761711,NA
"unemp_YGE25",0.919067773827558,0.732768755855151,0.619349459096333,0.626804595418909,0.549816398636945,0.0848666119548053,0.197345574405214,0.667594551977732,0.63446529134002,0.705537805873556,0.363863065390888,0.295961849630771,0.471078719589964,0.0442238200258514,0.148218224975304,0.495113902146963,0.362863431385704,0.295949087354491,0.196990909179913,0.808665654252853,0.119575495957893,0.283438526453862,0.752131400365762,0.401516478641987,0.760604521867838,0.152438090791176,0.056124631097109,0.154419241128788,0.261554035907151,0.69573353826478,0.080627952915216,0.0172549885944654,0.0797714377288172,0.0097690458648151,0.0894458797062962,0.0716651343978408,0.221531119080191,0.817820039484716,0.238675489877394,0.813733144762816,0.514228937987192,0.358056960217356,0.701577290768281,0.51087187819133,NA
"GDP",0.01171121415331,0.170296733458994,0.532208189313827,0.19539331981143,0.0490205617834385,0.103751566889589,0.597106386499757,0.335451339504565,0.00870416587548276,0.0114475058650939,0.000703241001731023,5.64267988525898e-05,0.0225217309349026,0.43046762707512,0.00809507164303051,0.00548491029979852,0.000281834697368684,0.00706183554308213,0.000639716075155819,0.0841820041152823,0.0777422457728795,0.038350775206383,0.00733816773288201,0.000606336269176165,0.293618291642107,0.000925942500995194,0.0138936244939557,0.085130328393363,0.232238680978215,0.00612913824411482,6.0373650791926e-05,0.00181795502299879,0.0124583591870117,0.300566950096879,0.0006377223871886,0.184792779667087,0.00633971788362152,0.00125776502111369,3.91112115681298e-05,0.0627164150614034,0.110321073504389,0.0380464536619572,0.0692623956575001,0.016314830258131,NA
"GVAgr",0.0461560653477333,0.0544039318626306,0.365690498456362,0.264002737118384,0.178496467569021,0.762677691585403,0.601682567134121,0.134756358941981,0.240681573955555,0.53684110266394,0.127688506154207,0.222662949805237,0.399147637196983,0.0223491957096722,0.0705477497195056,0.0627740382343879,0.398651550413504,0.049927499019903,0.159776026452506,0.228864728360977,0.012201470173279,0.0518004432327493,0.0849541713654288,0.537831839347018,0.95395682193451,0.565139189853575,0.0985589280799364,0.498719588172397,0.0783630780806836,0.141450308759981,0.658325196517094,0.370907497603449,0.58385307669426,0.105672604415005,0.304159302818169,0.154148505561239,0.31602369647793,0.123773709679776,0.348558584546555,0.645074646973705,0.0514139930083591,0.0794870909706548,0.175444931981121,0.275458676634943,NA
"disp_income",0.0012875450257906,0.0192622853227301,0.78358504832316,0.240437906847415,0.00795080617939164,0.0460075907106039,0.324291136877018,0.353396606645704,NA,0.00272095083944879,0.000204883918552494,5.7171620960675e-05,0.00975529585884422,0.0959313005280556,0.00193967188020949,0.0124412014436641,NA,0.00346526571507075,0.0021878602935218,0.655401722796525,0.282249997804555,0.0250208815483651,0.0505801314336473,NA,0.0694331055436785,0.00161254260044508,0.0155873581214962,0.136523809161106,0.171351626668151,NA,0.00177050890224292,0.00829506711158293,0.609067987879826,0.249605730561681,NA,0.526239025957986,0.0254323566577198,0.14865382122581,NA,0.0890197271777701,0.317356140924261,NA,0.616649029955345,NA,NA
"training",0.0238594031872029,0.807825687467993,0.18455108711606,0.00253821592106614,0.579211942405129,0.0829039752135609,0.986099586231648,0.621235278109515,0.258272856169978,0.0935427442867197,0.0116671021661725,0.000305511700501833,0.0700110825623947,0.931405039470278,0.0160113740020232,0.159255674916208,0.0111636188064938,0.224467362929667,0.00775937734718623,0.832274985955645,0.225946735932792,0.82914656165354,0.822710058334398,0.365167268751282,0.0424958386194237,0.108343941476172,0.0714168353018124,0.305664403675172,0.367502648577114,0.970319025510121,0.00174552786701616,0.00648212961480972,0.0191132286042272,0.0622317842643713,0.177205646736121,0.167146543138964,0.61244206029458,0.877989634479834,0.185168154886753,0.0268297576003014,0.0563985444965259,0.0191708602645698,0.424591230019313,0.19759612400303,NA
"earn_OC1_NaceB-F",0.0110366208162036,0.142152207765467,0.575854211621155,0.203792650783056,0.0173698765456859,NA,0.393825372434279,0.92261513562807,0.558103985280267,0.103172190750435,0.00834831103409297,0.000292926439452922,0.457672653962669,NA,0.0184474149386925,0.0632389161308305,0.0261960941754888,0.0804509990591125,0.00556857437718399,0.193189486748756,NA,0.107819178632432,0.299609655444858,0.128425008987969,0.588074797434617,0.0106581294298729,NA,0.68672255715392,0.671796633429221,0.837451886915875,0.000267896299101077,NA,0.837491140621151,0.181529565759662,0.926468442947022,NA,0.0212394346369671,0.055950448811095,0.0197754606022287,NA,NA,NA,0.666236780653705,0.926360954054489,NA
"earn_OC2_NaceB-F",0.0219858859907572,0.188367582697189,0.1626052677795,0.176945291369349,0.0210910885355629,NA,0.77169380479464,0.441451276084145,0.506921626252202,0.195011958664578,0.00292120564867662,0.00170712847086645,0.659123044342691,NA,0.0401022727233049,0.0404130733444044,0.046077389716608,0.022128890264352,0.0178011875981694,0.21304998910809,NA,0.239009785169127,0.143520399493235,0.16154076824597,0.794396297338933,0.00137674300680845,NA,0.0843047489226487,0.887870467703033,0.765994830955128,0.00100423858805727,NA,0.105984935100851,0.978425489256002,0.894393066568878,NA,0.0136187303000194,0.0141648338938891,0.0165480418709732,NA,NA,NA,0.0066251724365936,0.00754471473132198,NA
"earn_OC3_NaceB-F",0.00533718943420443,0.0781508338992112,0.356977824526142,0.148917663544725,0.0110959570117383,NA,0.687641761285538,0.420498909692036,0.443372888472946,0.0725415566512925,0.00169681690982203,7.32990415034673e-05,0.295689499189003,NA,0.00321413518426364,0.00562241790185808,0.00590286755861805,0.0240025542046134,0.0024524032352727,0.232893042077243,NA,0.0831174878742795,0.0672924216382274,0.0701221900397921,0.732554697024777,0.0029147200686164,NA,0.208422822371692,0.801200763824633,0.837842377960052,0.000141337978050133,NA,0.0339875862312263,0.872565012540786,0.941607232118349,NA,0.00670623750353253,0.0079409075103031,0.00837808575967117,NA,NA,NA,0.00683439316242404,0.00712895495692053,NA
"earn_OC4_NaceB-F",0.0242163989803355,0.194319972312199,0.49664145928671,0.190466610708313,0.0477842600053941,NA,0.919116703159846,0.702223367469775,0.601028471170748,0.0786338838099892,0.00267191254136106,0.000228919190924502,0.225606738643587,NA,0.00784484108307982,0.0165591265069769,0.0131556335634437,0.0308479599797617,0.00411047480774378,0.233110880227489,NA,0.0869027151126353,0.0994543099385139,0.0805810405614117,0.462243939930024,0.00361211019561285,NA,0.329041698614146,0.983573128270181,0.842397676092065,0.000281831548914017,NA,0.0780991048842829,0.566098210890885,0.776229462579076,NA,0.0068407337675574,0.010376298721439,0.00787095950314376,NA,NA,NA,0.33931935556028,0.26623038230863,NA
"earn_OC5_NaceB-F",0.00588892864601486,0.0397010305107733,0.759365068854612,0.198879193179108,0.00627314857814706,NA,0.680897276669225,0.498263636658963,0.901333670698516,0.185169001173071,0.00119244037260971,8.5990092939258e-05,0.311762177028375,NA,0.0243964933547075,0.0136907396219425,0.0346201303367048,0.00921197139667322,0.000864062791747649,0.414625379573681,NA,0.118863123017595,0.0566378266202693,0.126054875283518,0.0158841679915837,0.000319733035347082,NA,0.724687220057656,0.0499178600538151,0.913933703417611,3.19560179034078e-05,NA,0.0991635077217418,0.797470701766971,0.139967584916088,NA,0.0237174308647771,0.00436104790799713,0.0135511435417044,NA,NA,NA,0.494605133519327,0.875904463287281,NA
"earn_OC6_NaceB-F",NA,NA,NA,NA,NA,NA,NA,NA,NA,0.0661538719960737,0.00892691813540354,0.0169782810615423,0.178434835848744,NA,NA,NA,NA,0.0804786457249253,0.0953561493479806,0.513384642024827,NA,NA,NA,NA,0.879260228489264,0.0678077045338475,NA,NA,NA,NA,0.14348349196139,NA,NA,NA,NA,NA,NA,NA,NA,NA,NA,NA,NA,NA,NA
"earn_OC7_NaceB-F",0.00872907653190938,0.0711037864393614,0.457834102619554,0.109806937744595,0.0151439459336336,NA,0.876551313383324,0.446086805031679,0.727039212048911,0.0441022206548036,0.000665494406608395,0.000416619877413868,0.150609161757636,NA,0.000891698896297394,0.00244909332616505,0.00444564515923876,0.00793806654968239,0.00450285660576754,0.143568960937273,NA,0.0116194697438451,0.0214124544295393,0.0354936927190334,0.282472609111127,0.000807771478517115,NA,0.242894549416038,0.587238998902013,0.897251618731997,0.000582040969472422,NA,0.105636224548313,0.8011970585021,0.465022241846508,NA,0.000334276892504796,0.000946650413985638,0.00185777562042212,NA,NA,NA,0.0361677116021997,0.0718906767462476,NA
"earn_OC8_NaceB-F",0.00499455191246372,0.047174171011991,0.836215001491218,0.119603473299296,0.01104706781591,NA,0.626632399170682,0.45980069269005,0.930319146278775,0.0267154069669023,0.00209716321206697,0.000232966795234016,0.115503311892386,NA,0.0013653736357669,0.00243043227571364,0.00586740004234021,0.0208916216655829,0.00277513283818115,0.206890649937554,NA,0.0105674344983397,0.0134163494435699,0.0293388964411858,0.156491415762887,0.00412212820179723,NA,0.414592291227023,0.467109556577492,0.963452143964393,0.000417684298896417,NA,0.0650978789890302,0.818728537306773,0.330412961190898,NA,0.0023944116309208,0.00274187058134097,0.00757372258754047,NA,NA,NA,0.088089365979283,0.226715545207519,NA
"earn_OC9_NaceB-F",0.0156881020500042,0.0958654303116187,0.80873108172659,0.176759378360915,0.0331851575865999,NA,0.884960173749887,0.571894291695581,0.81600498832671,0.0832331135117644,0.00077730930315584,0.000377550110786593,0.121642459155424,NA,0.00323658361670975,0.00543517213764007,0.00932272459813517,0.00796345264626334,0.00386518107853957,0.440584007689443,NA,0.0241644911912392,0.0295314344066332,0.0468412722865614,0.146393749987848,0.00104041804576503,NA,0.465468140468903,0.353248130191045,0.810094641655509,0.000620163586848471,NA,0.118422195221443,0.792598919816293,0.461535824632677,NA,0.00312715428964997,0.00312445425373123,0.00595538592543148,NA,NA,NA,0.252923671229021,0.45318921186694,NA
"earn_OC1_NaceG-N",0.00428283813588952,0.0891014867761335,0.676460270008501,0.436142876415101,0.0430249885657797,NA,0.7812538333722,0.644516420640902,0.292966012432591,0.13251936152844,0.0113248610970041,0.000168734025745023,0.426401134833111,NA,0.000470772267512168,0.00210795719765918,0.000207980839540735,0.112076291433834,0.0155840210707385,0.686793386329178,NA,0.144772992115907,0.434825798568933,0.094010457493206,0.90193288449608,0.0571627884212914,NA,0.595909861598577,0.608367845434406,0.58890322083273,0.00839707559282985,NA,0.229146639705524,0.236780268323409,0.291453522171217,NA,0.109154097544904,0.35040838202929,0.0642152748389658,NA,NA,NA,0.581769747174926,0.167998005590206,NA
"earn_OC2_NaceG-N",0.0182305041010798,0.112819897405698,0.222891586842022,0.280102289082695,0.0241819211400375,NA,0.60325887299032,0.245841434840362,0.577240152726512,0.253981223493261,0.0016035349786313,0.00100438289017483,0.775758648248269,NA,0.0401540141978316,0.0170261269519109,0.0374242403456362,0.00957955409062985,0.0080824872344144,0.355639361338167,NA,0.179129931659036,0.0598561056979887,0.116193956350886,0.653153628209237,0.00194724207360097,NA,0.0408137376173195,0.327735980649559,0.769043414254239,0.00129523512345666,NA,0.0671267855767653,0.25155157209997,0.988421485965804,NA,0.0516627298762332,0.0184853074668548,0.041864190913421,NA,NA,NA,0.0799719887620392,0.143212989889213,NA
"earn_OC3_NaceG-N",0.00419438756150042,0.0615025098520016,0.517128734809996,0.215151553261673,0.0404867259425529,NA,0.928278497976788,0.39539853493874,0.40033849512152,0.0819181176613029,0.00102898801160519,0.000315495067954506,0.2723679790491,NA,0.00601800070537367,0.00963370140460258,0.00973134459371416,0.0153048665187409,0.00577259814981166,0.710261626076129,NA,0.0649582319217619,0.0642133747111429,0.0647830538685892,0.483093599007478,0.0182572179113733,NA,0.3847683087358,0.460217199736544,0.468079849646998,0.00501132622448656,NA,0.191266836887449,0.788858215948741,0.799882961177903,NA,0.0880091246206142,0.0803529499959596,0.0811578295680189,NA,NA,NA,0.301809544703555,0.304712170091441,NA
"earn_OC4_NaceG-N",0.0051967077457128,0.0643932623999053,0.712703997411586,0.286999027240006,0.0197296141458088,NA,0.662166078196954,0.463201568572631,0.328627591118595,0.102960323947913,0.0032589215269751,0.000471667363177132,0.248407939065722,NA,0.0121554842161856,0.00991910775968376,0.00740984604976616,0.0378007467800065,0.00789063970381354,0.543660131020676,NA,0.123421442065801,0.0710395405836351,0.0555267248999932,0.489772999701954,0.0119863103552671,NA,0.424273909427654,0.571257223868966,0.406664185408241,0.00193935641455313,NA,0.152538835818562,0.825002747144568,0.550942667637415,NA,0.0531814614617642,0.0299843971521468,0.0217617569211245,NA,NA,NA,0.331863125559241,0.269048461182489,NA
"earn_OC5_NaceG-N",0.00824845783044986,0.0438098127094941,0.654204753225509,0.127283380024547,0.00828503734054205,NA,0.793564027944198,0.463710268628771,0.59277995411585,0.209942383877275,0.00518564421832381,0.000808099381975048,0.448510635813293,NA,0.0176002299831161,0.0250344495029963,0.0312651657192443,0.0192516163584725,0.00415841012048349,0.289690442700916,NA,0.032033368570373,0.0378510419547658,0.0463657235613443,0.252821070878495,0.00295159192438694,NA,0.446312881963433,0.586117222659229,0.75725825383737,0.000545524381933314,NA,0.1133078534802,0.816368823431692,0.639121969718415,NA,0.00396547950604362,0.00483747749034045,0.00634327626476364,NA,NA,NA,0.232473100134449,0.2947661092414,NA
"earn_OC6_NaceG-N",NA,NA,NA,NA,NA,NA,NA,NA,NA,0.247050993869222,0.0190969438591419,0.00520954825710234,0.185854327550327,NA,0.00301283904179912,NA,0.0204920045850573,0.0444049085409134,0.015520225863995,0.802696171506175,NA,0.0360576738244687,NA,0.0997895048462415,0.860829231359193,0.0854038592837357,NA,0.378601252843506,NA,0.770206288177068,0.0295657539624465,NA,0.366761239179423,NA,0.760485153947409,NA,0.000962715397693502,NA,0.00277745792131847,NA,NA,NA,NA,0.147656441182506,NA
"earn_OC7_NaceG-N",0.0156008663095799,0.123346095340708,0.567985055900522,0.196365396179656,0.0321818723101854,NA,0.691868114721533,0.275926958025023,0.761586283590347,0.0877913554733309,9.07602173950535e-05,0.000102587141695619,0.0554993596476008,NA,0.00380234325378922,0.00224245586974996,0.00762226943190856,0.00435545074017809,0.00258359705009469,0.334544646972876,NA,0.0898635208354692,0.0343070839551088,0.0929766831210512,0.188646242650798,1.51128050387135e-06,NA,0.01584906828173,0.0169738355199976,0.961584606172306,9.91100234010088e-05,NA,0.0380500081270537,0.295521718269223,0.477750439922241,NA,0.000267883666371847,9.9425070967048e-06,4.32205788182063e-05,NA,NA,NA,0.0815366336868169,0.206270342514336,NA
"earn_OC8_NaceG-N",0.0203260984057113,0.0971484208727615,0.812629653348183,0.109327338770136,0.0562792170519034,NA,0.833208892654496,0.293254971429077,0.572589198775163,0.259112802935148,0.00153105475346027,0.000336540903457414,0.0785711159507695,NA,0.00616216485562685,0.00524306483159631,0.0110494246481314,0.0133374653032769,0.00301123581928229,0.785087665760954,NA,0.043254984154602,0.0334761141764522,0.0594267866559322,0.0766257162346612,0.00194042719072139,NA,0.350025458732318,0.106730016325605,0.34601436725038,0.000563377379940268,NA,0.0609747076716568,0.722753795100574,0.610149086986675,NA,0.00358508103623348,0.00180694345474251,0.00455550224327616,NA,NA,NA,0.0346269604608617,0.0628044737637486,NA
"earn_OC9_NaceG-N",0.015541968413927,0.0738588857394493,0.877755213966171,0.226839220612791,0.021646990138169,NA,0.812071324042572,0.525969412717187,0.704351051007288,0.195996774760497,0.00244176729268158,0.00129173508965617,0.36223003684918,NA,0.00643025685210213,0.0109932793750757,0.0160367347500965,0.011620030191878,0.00786319848090705,0.368781031596487,NA,0.0154037625523866,0.0273255004880585,0.0374844116225878,0.219705218943652,0.00155059068352413,NA,0.478316194280236,0.341122156866826,0.584169364628596,0.00141282362022502,NA,0.168782317680306,0.934076096694484,0.690949054289017,NA,0.00113743033867361,0.00240721304776235,0.00373569296732971,NA,NA,NA,0.017748387979779,0.0267333859669166,NA
"earn_OC1_NaceP-S",0.00274550872812313,0.0518807004552657,0.844983700290205,0.618915392838227,0.0122012896566052,NA,0.937681358721154,0.916265637326845,0.767358869562025,0.10535946876068,0.00212667699807055,1.35783953077435e-05,0.189325501386351,NA,0.0107186636342084,0.00251414423915184,0.00196133072656663,0.0612338800451569,0.0119321449078826,0.57963358745278,NA,0.123298096084899,0.158244649140727,0.131369791044979,0.771263177067531,0.0138839419614398,NA,0.818159915403529,0.792771361317004,0.63351030269593,0.00134140745657363,NA,0.578070609835397,0.241131219648593,0.103472322282323,NA,0.0381165880495208,0.0443889271142545,0.0342936523618269,NA,NA,NA,0.979049248388359,0.883392172082591,NA
"earn_OC2_NaceP-S",0.00216835394340159,0.0275967524037054,0.960757624455221,0.668426018306828,0.0343199362385649,NA,0.760306446941674,0.275107370613761,0.121358192132788,0.090099455547602,0.000302707305169863,5.35304518557076e-05,0.0748485118601735,NA,0.00493993527196022,0.00135992893375483,0.000760228485773309,0.0098133963672137,0.00372245750661742,0.673565733161333,NA,0.0484546737577851,0.0324581532229831,0.0208025272214744,0.541687281729233,0.0230557261504186,NA,0.666688442347506,0.110940818231871,0.0482455219703273,0.0141850435505785,NA,0.386916706660109,0.023527183396907,0.00733071464400594,NA,0.0566278798478534,0.0371771646280381,0.0194458736202788,NA,NA,NA,0.534739563160256,0.360034614613797,NA
"earn_OC3_NaceP-S",0.000145461806737497,0.00656303914964748,0.638403828181924,0.853452574995314,0.000796365073489093,NA,0.201476751966485,0.154082298982168,0.052556221960633,0.0167716889040596,6.12449126517354e-05,5.89936019183275e-05,0.106204372035866,NA,0.000344265359388963,0.000316791664222885,0.000180331822739211,0.00670852761851652,0.00354920607235867,0.2530392677539,NA,0.0458564585355521,0.0245082726588587,0.0155717735868209,0.470547158645359,0.000884733837972294,NA,0.17417963129883,0.0666922606926784,0.0291757423527281,0.000397452330184529,NA,0.124057622063102,0.131080907625585,0.0401688633272011,NA,0.00841155819493039,0.00433958359225238,0.00236201068402541,NA,NA,NA,0.0932625080099471,0.0661856754005598,NA
"earn_OC4_NaceP-S",0.00202997828237159,0.0342380968384342,0.899237570328126,0.470150095013995,0.00598319549518519,NA,0.481326639775878,0.218411348068291,0.149521641320323,0.0374414131999242,0.00162462259366964,0.000183293851950609,0.161556729280166,NA,0.00259317952942619,0.00111361433108892,0.000853578804069705,0.031839661554005,0.00514761116891065,0.291340420602096,NA,0.0716827246823614,0.0259564182108623,0.0209647629808965,0.365422831092808,0.00542083796090216,NA,0.484729715857568,0.18305621170341,0.132800965002112,0.000635364411876857,NA,0.134810322547308,0.213608543377479,0.126888927384812,NA,0.0136433399356872,0.00423097555773711,0.00317202391918579,NA,NA,NA,0.156277626595842,0.133250958631567,NA
"earn_OC5_NaceP-S",0.00281017551871562,0.0348267009977032,0.83030023495759,0.198752261747667,0.00570550017206524,NA,0.525864495987166,0.305862232505552,0.345941078721448,0.0523706300379157,0.000297064064904949,2.43228634952154e-05,0.186696126180254,NA,0.000857429675039762,0.00105918987840827,0.00117051988967372,0.0105062236217593,0.000888045807915799,0.247817136981381,NA,0.0373714883413862,0.0271809265271847,0.029426364231536,0.0480940681868882,0.000794211112727221,NA,0.346623664077679,0.0956439648654249,0.111325391106694,5.51901840269314e-05,NA,0.026054197396518,0.385780280414978,0.491389689948203,NA,0.00282868454839537,0.00219832349178284,0.00244876765578538,NA,NA,NA,0.0796522584011675,0.0854185188506694,NA
"earn_OC6_NaceP-S",NA,NA,NA,NA,NA,NA,NA,NA,NA,0.17312019655246,0.00469450765029818,0.000933526343755574,0.192693484117301,NA,0.102753672301582,NA,NA,0.0319944540100991,0.00466503106134903,0.962325531845181,NA,0.551772863899379,NA,NA,0.131022547512584,0.0539242066160314,NA,0.252304974645583,NA,NA,0.0123285081045349,NA,0.0872220407144205,NA,NA,NA,0.569179263784122,NA,NA,NA,NA,NA,NA,NA,NA
"earn_OC7_NaceP-S",0.00713777482711783,0.0535276727315122,0.616934874413849,0.487328316422151,0.00989825326172371,NA,0.392124458180076,0.448647486043779,NA,0.0506408420381303,4.43359936298417e-05,0.000464532945680786,0.0519399049247407,NA,0.00246686046140846,0.000968778810465875,NA,0.00183050334712424,0.00569859409207678,0.27208695800637,NA,0.0450270207363794,0.0151858103046998,NA,0.135676792721688,5.87754886073297e-06,NA,0.0589923145528752,0.00252380619576637,NA,0.000763507994083409,NA,0.0957093387552054,0.421040142568432,NA,NA,0.00167038169362074,0.000179866901973274,NA,NA,NA,NA,0.105018331838562,NA,NA
"earn_OC8_NaceP-S",0.0139524244586403,0.069699815280024,0.645649605102039,0.546368960412897,0.0131589551308912,NA,0.445098043248612,0.909932020407648,NA,0.214013682310348,0.000228511117701955,0.000774377358881641,0.455581971466892,NA,0.00950053064389304,0.00728285836173696,NA,0.00416814473919267,0.00664002561709058,0.315652408292377,NA,0.0767410281380706,0.0559650738802762,NA,0.15715443411467,2.34934071469887e-05,NA,0.141737778908824,0.0802133776848722,NA,0.000776165158088218,NA,0.112350435640054,0.750033798292152,NA,NA,0.00450075515328875,0.00129121539574059,NA,NA,NA,NA,0.314715977523543,NA,NA
"earn_OC9_NaceP-S",0.00302491299759343,0.0287817608292731,0.954753250472046,0.155142338521093,0.00835733997615257,NA,0.790350607622123,0.164496284021216,0.278499172856521,0.101253673038997,0.000424435240981976,6.48195599078909e-05,0.225424493980945,NA,0.00278567457819134,0.00131020777008259,0.00193829492482265,0.00724990664451801,0.00114124738901152,0.579477493124412,NA,0.0328801793645974,0.0179647591151466,0.0242721946990949,0.0889588355542662,0.00193631520056687,NA,0.611341479916757,0.0696757207749648,0.124090124660268,0.000218288292994377,NA,0.0870547709800159,0.21520130356684,0.510147340211981,NA,0.0111235215000237,0.00429794534005171,0.00655038403793683,NA,NA,NA,0.182771552832944,0.239219754173706,NA
"expend_ED5-8",0.000122249590746243,0.00252543987059831,0.260380530676067,0.0529593910867404,0.0199795656463161,NA,0.00443442692642857,0.12717023570672,NA,0.0304740157184009,0.00334039782310518,0.000143353519024622,0.00868981623145001,NA,0.199141733759448,0.0344724517014913,NA,0.033308079117244,0.00179676108108857,0.213477230789335,NA,0.312257976113724,0.213293380544468,NA,0.0511090485382057,0.236411902092007,NA,0.0468953843316,0.477821243809142,NA,0.00477423732399154,NA,0.00574057407748657,0.0843121255137338,NA,NA,0.127709274264015,0.868371575229303,NA,NA,NA,NA,0.195507764465855,NA,NA
